epoch,train_loss,ang_train,ang_val,val_loss,val_mse,PCK@0.005,PCK@0.01,PCK@0.02,PCK@0.05
1,0.226437,28.678,25.579,0.24553,179258.92,0.0,0.0,0.0,0.0
2,0.214355,36.173,35.741,0.22015,244476.83,0.0,0.0,0.0,0.0
3,0.206594,39.379,119.776,0.205784,272744.88,0.0,0.0,0.0,0.0
4,0.200239,54.653,43.951,0.197759,262128.41,0.0,0.0,0.0,0.0
5,0.194767,62.432,49.838,0.192626,238693.09,0.0,0.0,0.0,1.7
6,0.188542,63.006,45.931,0.186421,231382.64,0.0,0.0,3.3,3.3
7,0.182716,77.904,34.122,0.180624,258858.16,1.7,1.7,1.7,1.7
8,0.176822,100.202,45.005,0.174983,304807.41,0.0,0.0,0.0,0.0
9,0.171421,73.357,41.24,0.169943,270877.81,0.0,0.0,0.0,0.0
10,0.166193,31.118,44.703,0.164215,288811.28,0.0,0.0,0.0,0.0
11,0.16108,65.155,55.213,0.159166,299926.94,0.0,0.0,0.0,0.0
12,0.15601,64.743,79.242,0.153763,268169.62,0.0,0.0,0.0,0.0
13,0.150849,68.344,101.614,0.147854,253920.31,0.0,0.0,0.0,0.0
14,0.145822,70.313,16.136,0.143727,232849.52,0.0,0.0,0.0,0.0
15,0.140652,79.107,27.356,0.13767,258286.41,0.0,0.0,0.0,0.0
16,0.1358,56.594,72.321,0.133245,253484.55,0.0,0.0,0.0,1.7
17,0.130859,63.765,45.429,0.128032,226937.31,0.0,0.0,0.0,0.0
18,0.126019,55.23,38.796,0.123374,268320.78,0.0,0.0,0.0,0.0
19,0.121266,55.184,35.385,0.119081,260952.59,0.0,0.0,0.0,0.0
20,0.116661,54.639,20.661,0.114612,264962.84,0.0,0.0,0.0,0.0
21,0.112432,54.895,14.016,0.110187,237789.94,0.0,0.0,0.0,0.0
22,0.108342,49.387,10.475,0.106329,277902.5,0.0,0.0,1.7,1.7
23,0.104418,45.089,15.913,0.102242,219960.81,0.0,0.0,0.0,0.0
24,0.100644,47.395,45.635,0.098821,185595.84,0.0,0.0,0.0,3.3
25,0.09696,46.077,12.686,0.094918,234595.42,0.0,1.7,1.7,1.7
26,0.093486,42.979,35.817,0.091607,216430.94,0.0,0.0,1.7,1.7
27,0.090234,35.354,37.441,0.089529,158526.14,0.0,0.0,0.0,0.0
28,0.087052,32.658,21.774,0.085186,266489.84,0.0,0.0,0.0,0.0
29,0.083817,39.015,23.768,0.082365,275738.53,0.0,0.0,0.0,0.0
30,0.080858,39.955,23.883,0.078983,294933.12,0.0,0.0,0.0,0.0
31,0.077946,45.093,35.488,0.076189,277765.19,0.0,0.0,0.0,0.0
32,0.075196,43.812,37.203,0.073561,285135.0,0.0,0.0,0.0,0.0
33,0.072537,42.397,22.07,0.071019,274593.47,0.0,0.0,0.0,0.0
34,0.070053,38.626,60.08,0.068577,278029.62,0.0,0.0,0.0,0.0
35,0.06752,33.287,33.467,0.066217,247715.47,0.0,0.0,0.0,3.3
36,0.06518,35.336,58.055,0.063792,247895.89,0.0,0.0,0.0,0.0
37,0.062931,38.214,36.393,0.061239,244615.17,0.0,0.0,0.0,1.7
38,0.060864,31.283,40.111,0.060318,196349.25,0.0,0.0,0.0,5.0
39,0.058773,30.911,27.761,0.056889,219489.81,0.0,0.0,0.0,1.7
40,0.056545,30.177,18.715,0.055108,232726.95,0.0,0.0,0.0,1.7
41,0.054365,28.742,25.674,0.053063,283318.47,0.0,0.0,0.0,0.0
42,0.052293,24.406,25.772,0.05094,283420.81,0.0,0.0,0.0,0.0
43,0.050272,19.762,9.529,0.048986,283458.84,0.0,0.0,0.0,0.0
44,0.048302,24.3,8.602,0.047092,289702.03,0.0,0.0,0.0,0.0
45,0.046438,32.931,15.611,0.045154,293156.12,0.0,0.0,0.0,0.0
46,0.044602,25.127,25.447,0.043435,288557.78,0.0,0.0,0.0,0.0
47,0.042812,46.044,17.771,0.041923,288691.88,0.0,0.0,0.0,0.0
48,0.041219,41.799,19.247,0.040264,293593.56,0.0,0.0,0.0,0.0
49,0.039655,43.593,17.453,0.038754,288595.22,0.0,0.0,0.0,0.0
50,0.038209,48.688,6.067,0.03721,308739.38,0.0,0.0,0.0,0.0
51,0.036842,42.787,21.336,0.03596,286499.06,0.0,0.0,0.0,0.0
52,0.035552,38.007,11.065,0.034611,288035.59,0.0,0.0,0.0,0.0
53,0.034309,30.868,15.046,0.033604,287940.78,0.0,0.0,0.0,0.0
54,0.033101,42.782,7.615,0.032578,288887.94,0.0,0.0,0.0,0.0
55,0.031929,40.546,14.371,0.031308,305770.78,0.0,0.0,0.0,0.0
56,0.030832,40.676,6.067,0.030197,308739.38,0.0,0.0,0.0,0.0
57,0.029808,41.441,7.647,0.029109,311414.84,0.0,0.0,0.0,0.0
58,0.028796,41.634,7.647,0.028188,311414.84,0.0,0.0,0.0,0.0
59,0.027877,39.779,7.647,0.02722,311414.84,0.0,0.0,0.0,0.0
60,0.027358,29.163,28.973,0.02595,243671.36,0.0,0.0,0.0,0.0
61,0.026233,23.415,9.792,0.026,352105.97,0.0,0.0,0.0,0.0
62,0.025309,29.942,9.792,0.024982,352105.97,0.0,0.0,0.0,0.0
63,0.024465,29.472,9.792,0.023965,352105.97,0.0,0.0,0.0,0.0
64,0.023617,35.52,9.792,0.022914,352105.97,0.0,0.0,0.0,0.0
65,0.022788,38.901,9.792,0.022386,352105.97,0.0,0.0,0.0,0.0
66,0.022015,41.355,9.792,0.021586,352105.97,0.0,0.0,0.0,0.0
67,0.021256,46.804,9.792,0.020818,352105.97,0.0,0.0,0.0,0.0
68,0.020577,45.541,9.792,0.020229,352105.97,0.0,0.0,0.0,0.0
69,0.019997,42.344,9.792,0.019444,352105.97,0.0,0.0,0.0,0.0
70,0.019358,29.637,9.792,0.018819,352105.97,0.0,0.0,0.0,0.0
71,0.018736,35.465,9.792,0.018448,352105.97,0.0,0.0,0.0,0.0
72,0.018147,35.617,9.792,0.017808,352105.97,0.0,0.0,0.0,0.0
73,0.01759,39.408,9.792,0.01726,352105.97,0.0,0.0,0.0,0.0
74,0.017053,38.035,9.792,0.016746,352105.97,0.0,0.0,0.0,0.0
75,0.016538,41.956,9.792,0.016261,352105.97,0.0,0.0,0.0,0.0
76,0.016044,39.358,10.975,0.015703,313041.59,0.0,0.0,0.0,0.0
77,0.015566,37.735,14.698,0.01525,313261.28,0.0,0.0,0.0,0.0
78,0.015092,45.919,15.681,0.014852,313192.53,0.0,0.0,0.0,0.0
79,0.014641,44.475,22.422,0.014347,312612.0,0.0,0.0,0.0,0.0
80,0.014223,47.923,9.958,0.013883,356180.09,0.0,0.0,0.0,0.0
81,0.013808,47.153,9.958,0.013481,356180.09,0.0,0.0,0.0,0.0
82,0.013395,46.34,10.185,0.013154,312403.12,0.0,0.0,0.0,0.0
83,0.013038,45.523,9.958,0.012843,356180.09,0.0,0.0,0.0,0.0
84,0.012649,44.358,9.958,0.012393,356180.09,0.0,0.0,0.0,0.0
85,0.012283,57.84,9.958,0.012098,356180.09,0.0,0.0,0.0,0.0
86,0.011951,52.374,9.958,0.011676,356180.09,0.0,0.0,0.0,0.0
87,0.011627,61.687,9.958,0.011351,356180.09,0.0,0.0,0.0,0.0
88,0.011296,65.577,9.958,0.011033,356180.09,0.0,0.0,0.0,0.0
89,0.011001,56.746,9.92,0.010764,321088.5,0.0,0.0,0.0,0.0
90,0.010699,57.186,19.589,0.010469,318273.84,0.0,0.0,0.0,0.0
91,0.010405,60.404,26.058,0.010278,352694.56,0.0,0.0,0.0,0.0
92,0.010126,56.278,21.558,0.009871,407438.78,0.0,0.0,0.0,0.0
93,0.009879,45.242,21.558,0.009797,420786.03,0.0,0.0,0.0,0.0
94,0.009618,38.193,21.558,0.0095,423355.09,0.0,0.0,0.0,0.0
95,0.009353,43.839,21.558,0.009297,420988.12,0.0,0.0,0.0,0.0
96,0.009101,41.443,21.558,0.008775,429734.84,0.0,0.0,0.0,0.0
97,0.008862,44.227,37.41,0.008761,411020.62,0.0,0.0,0.0,0.0
98,0.00864,35.435,38.916,0.008823,243793.42,0.0,0.0,0.0,1.7
99,0.008441,35.714,23.403,0.008307,229095.81,0.0,0.0,0.0,0.0
100,0.008229,30.748,34.471,0.008044,269501.66,0.0,0.0,0.0,0.0
101,0.008021,23.096,19.943,0.007753,382877.12,0.0,0.0,0.0,0.0
102,0.007856,33.754,17.15,0.007525,316938.16,0.0,0.0,0.0,0.0
103,0.007666,24.212,38.547,0.00753,258359.53,0.0,0.0,0.0,0.0
104,0.007482,32.092,28.614,0.007262,323017.03,0.0,0.0,0.0,0.0
105,0.007316,23.282,19.769,0.007225,286260.94,0.0,0.0,1.7,1.7
106,0.007141,30.178,22.523,0.00692,395122.09,0.0,0.0,1.7,1.7
107,0.006995,27.502,26.103,0.00686,323786.16,0.0,0.0,3.3,3.3
108,0.006839,23.353,23.434,0.006614,375786.47,0.0,0.0,0.0,0.0
109,0.006703,43.092,21.706,0.006515,272042.69,0.0,0.0,0.0,0.0
110,0.006565,23.182,30.578,0.006403,253944.02,0.0,0.0,0.0,0.0
111,0.006421,26.649,26.874,0.006278,259733.3,0.0,0.0,0.0,0.0
112,0.006287,26.423,10.387,0.006311,152671.2,0.0,0.0,1.7,6.7
113,0.006154,18.358,42.985,0.006154,145929.58,0.0,0.0,1.7,6.7
114,0.006027,21.437,50.726,0.005937,162543.03,0.0,1.7,6.7,10.0
115,0.00592,19.012,49.652,0.006095,96559.68,1.7,3.3,5.0,8.3
116,0.005792,24.222,9.659,0.005885,104488.47,0.0,1.7,3.3,8.3
117,0.005681,16.912,29.367,0.005523,263388.09,0.0,1.7,1.7,1.7
118,0.005575,17.8,42.626,0.005505,151147.67,0.0,1.7,3.3,6.7
119,0.00547,23.459,38.699,0.005401,150865.86,0.0,0.0,3.3,6.7
120,0.005368,14.936,18.785,0.005317,102279.0,0.0,1.7,6.7,10.0
121,0.005268,21.204,30.979,0.005229,91932.2,0.0,1.7,10.0,13.3
122,0.005179,28.509,30.698,0.005005,348664.06,0.0,0.0,0.0,0.0
123,0.005091,19.498,33.906,0.004954,261588.53,0.0,0.0,3.3,8.3
124,0.004991,18.867,27.148,0.004894,202757.91,0.0,1.7,6.7,8.3
125,0.004905,17.252,26.439,0.004759,385582.38,0.0,0.0,3.3,3.3
126,0.004822,21.548,24.193,0.004726,237390.47,0.0,0.0,1.7,1.7
127,0.004739,20.905,22.849,0.004596,235422.08,0.0,1.7,1.7,1.7
128,0.004652,20.894,29.378,0.004522,300795.5,0.0,0.0,0.0,0.0
129,0.004576,22.696,33.907,0.004494,111202.78,1.7,5.0,6.7,10.0
130,0.004506,14.981,37.432,0.004412,226362.44,0.0,3.3,3.3,3.3
131,0.004432,13.701,21.93,0.004326,190054.16,0.0,3.3,3.3,3.3
132,0.004358,17.938,19.423,0.004271,129349.05,1.7,6.7,8.3,10.0
133,0.004285,12.216,8.804,0.004223,96569.75,1.7,6.7,8.3,11.7
134,0.004215,10.496,26.273,0.004171,94706.84,1.7,6.7,10.0,13.3
135,0.004151,10.368,9.613,0.004073,98560.28,1.7,3.3,8.3,11.7
136,0.004089,9.453,53.384,0.004017,91894.88,1.7,6.7,11.7,13.3
137,0.004025,8.067,21.748,0.003932,98757.7,1.7,6.7,8.3,10.0
138,0.003965,7.345,9.521,0.003909,118445.35,1.7,6.7,10.0,10.0
139,0.00391,13.116,24.831,0.0039,123774.27,0.0,3.3,8.3,8.3
140,0.00385,13.749,42.058,0.003825,100014.29,1.7,3.3,8.3,10.0
141,0.003792,11.49,44.924,0.003792,100448.38,1.7,3.3,5.0,6.7
142,0.003742,12.616,42.772,0.003682,116129.61,0.0,5.0,6.7,11.7
143,0.003685,9.261,20.627,0.003661,101819.4,1.7,5.0,8.3,11.7
144,0.003636,8.325,39.1,0.003609,108004.78,0.0,5.0,5.0,8.3
145,0.003586,10.359,70.056,0.003594,98160.27,0.0,3.3,8.3,8.3
146,0.003542,10.994,33.188,0.003431,128779.57,0.0,5.0,8.3,10.0
147,0.003491,7.629,25.535,0.003424,104160.77,0.0,8.3,10.0,11.7
148,0.003441,10.298,21.026,0.003381,136735.55,6.7,6.7,10.0,10.0
149,0.003395,8.607,10.367,0.003395,112532.82,1.7,1.7,5.0,6.7
150,0.003354,8.411,15.157,0.003329,120462.95,1.7,1.7,8.3,8.3
151,0.003303,8.199,41.309,0.00323,88981.68,3.3,5.0,10.0,11.7
152,0.003259,7.69,27.67,0.003185,121718.2,3.3,6.7,8.3,10.0
153,0.003215,8.181,38.313,0.003166,73712.61,5.0,10.0,10.0,15.0
154,0.003175,8.426,57.07,0.003123,90033.62,0.0,5.0,13.3,16.7
155,0.003131,7.389,47.216,0.003072,90037.3,0.0,5.0,10.0,13.3
156,0.003094,8.508,27.347,0.003046,64173.94,3.3,6.7,11.7,13.3
157,0.003057,9.601,38.563,0.003028,67797.97,0.0,1.7,13.3,16.7
158,0.003018,8.124,23.496,0.002948,164888.78,1.7,3.3,10.0,11.7
159,0.002978,8.336,78.966,0.002938,86742.91,0.0,1.7,11.7,15.0
160,0.002947,13.205,25.106,0.00288,97270.55,0.0,3.3,10.0,13.3
161,0.002908,10.164,35.801,0.00287,108484.37,6.7,8.3,11.7,13.3
162,0.002875,10.009,37.815,0.002835,99880.39,5.0,5.0,10.0,11.7
163,0.00284,7.32,17.454,0.002812,110740.15,0.0,1.7,6.7,8.3
164,0.002808,8.56,31.349,0.002782,106068.38,6.7,8.3,10.0,11.7
165,0.002778,11.532,29.579,0.002751,106507.33,1.7,3.3,8.3,10.0
166,0.002745,12.312,28.84,0.00273,94023.08,6.7,10.0,13.3,15.0
167,0.002712,11.686,21.772,0.0027,96595.34,6.7,11.7,16.7,16.7
168,0.002683,16.9,40.933,0.002668,91725.77,3.3,8.3,15.0,16.7
169,0.002652,15.082,44.462,0.002618,93451.45,0.0,3.3,13.3,18.3
170,0.002623,15.525,19.922,0.002603,99264.73,1.7,1.7,8.3,10.0
171,0.002591,15.034,44.306,0.002565,110037.3,1.7,5.0,8.3,10.0
172,0.002565,13.628,40.253,0.002532,91980.59,1.7,6.7,16.7,16.7
173,0.002541,15.391,13.026,0.002516,98412.57,5.0,5.0,15.0,15.0
174,0.002512,20.746,46.08,0.002499,107010.85,0.0,1.7,11.7,13.3
175,0.002484,21.158,43.609,0.002452,80456.05,0.0,1.7,15.0,15.0
176,0.002457,22.809,26.823,0.00244,77197.65,1.7,8.3,18.3,18.3
177,0.002432,27.476,17.96,0.002433,103159.1,3.3,5.0,15.0,15.0
178,0.00241,29.094,44.16,0.002432,104076.75,3.3,5.0,10.0,10.0
179,0.002387,24.285,17.748,0.002358,81293.34,5.0,11.7,16.7,16.7
180,0.002364,37.326,38.112,0.002344,78177.51,6.7,11.7,21.7,21.7
181,0.002339,26.398,14.665,0.00234,103823.66,10.0,11.7,16.7,16.7
182,0.002316,31.03,24.092,0.002283,103680.95,5.0,8.3,16.7,18.3
183,0.002293,41.406,39.158,0.002285,60630.75,11.7,20.0,28.3,28.3
184,0.002278,36.199,19.173,0.002251,116450.88,3.3,10.0,13.3,15.0
185,0.002262,20.616,23.592,0.002233,88205.32,8.3,13.3,20.0,26.7
186,0.002232,37.735,43.019,0.002233,71740.8,3.3,11.7,16.7,18.3
187,0.002207,51.207,52.053,0.002184,60600.77,6.7,16.7,23.3,23.3
188,0.002184,50.469,65.806,0.002154,60038.63,5.0,15.0,21.7,21.7
189,0.002164,45.046,53.611,0.002137,69328.14,5.0,13.3,21.7,23.3
190,0.002143,53.951,24.808,0.002105,62094.26,1.7,13.3,18.3,18.3
191,0.002119,59.143,80.171,0.002105,57113.62,6.7,15.0,23.3,25.0
192,0.002099,55.52,50.967,0.002079,64128.12,6.7,16.7,26.7,26.7
193,0.002079,79.159,49.145,0.002062,53970.26,6.7,15.0,23.3,25.0
194,0.002058,66.63,19.925,0.002024,54316.65,8.3,15.0,21.7,23.3
195,0.00204,70.07,33.889,0.002013,54619.52,0.0,6.7,18.3,20.0
196,0.002019,63.35,45.197,0.00201,59136.88,3.3,6.7,13.3,18.3
197,0.002001,54.785,35.238,0.001992,53778.02,5.0,8.3,18.3,23.3
198,0.001979,58.657,64.194,0.001958,51722.9,0.0,5.0,15.0,18.3
199,0.001961,52.386,48.481,0.001938,50146.82,0.0,5.0,16.7,18.3
200,0.001945,55.563,53.737,0.001926,48936.04,0.0,3.3,13.3,18.3
201,0.001927,61.538,42.634,0.001909,50866.36,0.0,5.0,15.0,18.3
202,0.001909,36.673,72.157,0.001892,54397.82,3.3,6.7,20.0,21.7
203,0.001891,39.075,40.355,0.001876,54700.42,3.3,8.3,18.3,18.3
204,0.001874,38.243,56.856,0.001848,61604.58,1.7,6.7,16.7,18.3
205,0.001858,42.725,38.494,0.001843,64011.07,1.7,8.3,18.3,18.3
206,0.00184,45.915,21.385,0.001826,61320.95,3.3,11.7,21.7,21.7
207,0.001824,57.571,27.683,0.001816,73138.11,5.0,11.7,21.7,23.3
208,0.00181,48.496,41.525,0.0018,64229.42,5.0,8.3,23.3,25.0
209,0.001795,49.467,32.399,0.001793,72369.43,3.3,8.3,20.0,20.0
210,0.001779,30.62,43.834,0.001767,80352.11,8.3,15.0,28.3,28.3
211,0.001765,31.716,77.453,0.001763,72376.57,3.3,8.3,20.0,25.0
212,0.001751,23.185,47.375,0.001757,70416.04,5.0,8.3,18.3,23.3
213,0.001733,26.474,62.898,0.001718,58694.06,8.3,13.3,23.3,26.7
214,0.00172,25.22,55.035,0.00171,66761.07,5.0,10.0,25.0,26.7
215,0.001705,27.586,39.864,0.001671,50080.25,5.0,18.3,35.0,35.0
216,0.00169,21.686,48.04,0.001661,63964.43,8.3,16.7,30.0,33.3
217,0.00168,39.055,51.225,0.001671,70125.48,10.0,20.0,30.0,30.0
218,0.001664,36.583,49.915,0.001635,65377.07,8.3,20.0,28.3,28.3
219,0.001649,43.483,61.837,0.001643,57105.07,10.0,25.0,31.7,33.3
220,0.001637,45.377,54.625,0.001614,59881.0,10.0,26.7,35.0,36.7
221,0.001624,50.876,77.307,0.001613,56773.68,10.0,20.0,31.7,31.7
222,0.001611,38.307,38.891,0.001603,70615.2,5.0,18.3,30.0,30.0
223,0.001599,47.062,53.743,0.001597,66184.51,10.0,25.0,35.0,40.0
224,0.001587,52.606,65.505,0.001578,57411.67,10.0,25.0,31.7,31.7
225,0.001574,52.635,56.45,0.001566,56816.25,10.0,21.7,30.0,30.0
226,0.001563,39.462,85.669,0.001554,52011.13,5.0,18.3,33.3,33.3
227,0.001551,38.925,34.063,0.00155,46287.12,10.0,23.3,36.7,36.7
228,0.00154,53.986,53.531,0.001514,45956.57,6.7,26.7,38.3,38.3
229,0.001527,44.353,66.508,0.001525,46718.19,6.7,23.3,38.3,38.3
230,0.001514,39.233,64.306,0.001511,54707.2,6.7,21.7,33.3,33.3
231,0.001501,49.729,63.221,0.001486,45578.82,5.0,25.0,40.0,40.0
232,0.001491,51.894,76.619,0.001474,46191.7,5.0,23.3,38.3,40.0
233,0.001484,49.693,61.587,0.001476,56929.74,5.0,26.7,40.0,43.3
234,0.001469,59.16,38.979,0.001462,63160.37,1.7,13.3,35.0,35.0
235,0.001456,50.454,35.257,0.001449,61123.39,3.3,21.7,38.3,40.0
236,0.00145,44.238,29.643,0.001443,59416.63,3.3,25.0,38.3,38.3
237,0.001434,52.123,20.215,0.00143,48684.6,6.7,25.0,38.3,40.0
238,0.001426,47.479,40.871,0.00146,60862.77,6.7,25.0,36.7,40.0
239,0.001411,41.865,37.325,0.001422,60349.76,3.3,23.3,33.3,33.3
240,0.001399,47.085,52.417,0.001406,54604.31,1.7,28.3,46.7,51.7
241,0.001387,42.813,47.554,0.001382,44284.08,1.7,30.0,51.7,53.3
242,0.001376,44.577,40.583,0.001366,45514.57,3.3,31.7,56.7,60.0
243,0.001363,45.648,34.956,0.001376,72596.28,5.0,35.0,51.7,53.3
244,0.001355,42.19,33.573,0.001361,72553.73,1.7,20.0,40.0,43.3
245,0.001337,38.428,26.291,0.001338,55285.01,8.3,33.3,55.0,56.7
246,0.001326,39.577,42.94,0.001319,49986.43,8.3,38.3,56.7,61.7
247,0.001308,28.981,39.909,0.001298,41808.45,11.7,35.0,60.0,61.7
248,0.001295,22.857,41.572,0.001305,49324.06,8.3,38.3,58.3,60.0
249,0.00128,29.578,34.23,0.001299,59198.13,13.3,31.7,50.0,51.7
250,0.001264,28.074,48.698,0.001266,60896.18,11.7,30.0,51.7,56.7
251,0.00125,27.065,52.018,0.00127,45820.23,8.3,35.0,53.3,60.0
252,0.001234,32.956,33.947,0.001243,44750.52,15.0,43.3,60.0,65.0
253,0.001219,32.741,38.719,0.001227,43584.79,15.0,41.7,66.7,68.3
254,0.001214,39.037,22.595,0.001255,54567.32,15.0,45.0,61.7,63.3
255,0.001197,43.696,43.439,0.00122,44867.87,15.0,40.0,63.3,65.0
256,0.001184,47.85,34.472,0.001261,37151.27,20.0,46.7,66.7,68.3
257,0.001174,44.697,46.69,0.001194,36327.88,16.7,43.3,71.7,71.7
258,0.001158,42.054,41.352,0.001177,29585.62,11.7,50.0,71.7,73.3
259,0.001151,42.327,52.013,0.001187,31837.08,20.0,51.7,73.3,73.3
260,0.001134,43.527,34.872,0.00115,29303.68,21.7,53.3,76.7,76.7
261,0.001121,43.128,34.533,0.001226,36034.02,18.3,51.7,71.7,71.7
262,0.001115,41.206,41.858,0.001143,28055.51,16.7,50.0,73.3,73.3
263,0.001096,40.721,34.943,0.001116,12863.83,16.7,51.7,78.3,80.0
264,0.001091,40.136,33.218,0.001128,17256.59,21.7,65.0,80.0,80.0
265,0.001072,40.888,35.624,0.001079,13923.91,25.0,68.3,80.0,80.0
266,0.001062,40.018,30.81,0.001083,16719.79,18.3,56.7,71.7,71.7
267,0.001047,38.793,37.099,0.001063,20664.73,31.7,71.7,78.3,78.3
268,0.001039,36.507,44.745,0.001047,15816.06,30.0,71.7,80.0,80.0
269,0.001026,39.182,34.74,0.001082,18686.43,31.7,61.7,71.7,73.3
270,0.001018,37.728,35.902,0.001043,15830.81,23.3,63.3,76.7,76.7
271,0.001008,38.298,26.944,0.001038,17476.94,30.0,66.7,76.7,76.7
272,0.000998,36.461,45.859,0.00102,18857.62,35.0,68.3,78.3,78.3
273,0.000988,37.531,27.682,0.00102,18213.74,23.3,65.0,78.3,78.3
274,0.000978,35.264,42.904,0.001008,14408.71,33.3,70.0,81.7,81.7
275,0.00097,34.986,29.94,0.000987,19273.55,30.0,63.3,76.7,76.7
276,0.000958,32.326,35.566,0.000986,14946.23,26.7,58.3,78.3,78.3
277,0.000947,32.935,37.361,0.000974,12411.07,25.0,61.7,80.0,81.7
278,0.000936,30.575,29.643,0.000967,21414.96,35.0,71.7,76.7,76.7
279,0.00093,30.06,35.238,0.000972,11372.99,26.7,65.0,81.7,83.3
280,0.00092,30.401,42.523,0.000963,20518.54,35.0,66.7,78.3,78.3
281,0.00091,31.201,35.48,0.000936,13661.4,25.0,66.7,83.3,83.3
282,0.000902,28.691,35.271,0.000912,13825.6,30.0,73.3,83.3,83.3
283,0.000893,27.977,32.005,0.000904,16708.57,31.7,78.3,85.0,85.0
284,0.000882,27.866,28.753,0.000914,21423.59,30.0,71.7,80.0,80.0
285,0.000871,25.762,33.897,0.000882,14606.19,38.3,75.0,86.7,86.7
286,0.000862,23.85,33.832,0.000877,13497.06,38.3,75.0,86.7,86.7
287,0.000853,23.762,34.145,0.00087,13369.41,50.0,78.3,88.3,88.3
288,0.000844,20.35,35.344,0.000881,17440.44,41.7,76.7,83.3,83.3
289,0.000833,14.76,39.362,0.000892,16147.1,25.0,73.3,81.7,81.7
290,0.000821,11.581,35.592,0.000837,17356.33,36.7,70.0,83.3,83.3
291,0.000806,9.798,29.231,0.000829,12626.17,41.7,83.3,88.3,88.3
292,0.000794,6.792,16.142,0.000824,5458.25,46.7,85.0,93.3,95.0
293,0.000788,5.111,4.108,0.000821,3421.52,48.3,86.7,95.0,95.0
294,0.000774,2.904,7.048,0.000798,5998.96,38.3,76.7,91.7,91.7
295,0.000763,2.472,7.112,0.000787,4427.33,50.0,83.3,93.3,93.3
296,0.000751,1.866,5.934,0.000784,3604.84,53.3,85.0,93.3,93.3
297,0.00074,1.65,1.04,0.000761,1055.09,45.0,90.0,98.3,98.3
298,0.00073,1.673,4.975,0.000753,3766.71,51.7,88.3,95.0,95.0
299,0.00072,1.391,2.59,0.000742,2233.45,38.3,86.7,96.7,96.7
300,0.000713,1.393,1.357,0.000751,35.1,33.3,83.3,100.0,100.0
301,0.000704,1.268,3.948,0.00073,1051.17,48.3,90.0,98.3,98.3
302,0.000696,1.074,1.123,0.000709,29.53,36.7,83.3,100.0,100.0
303,0.000687,0.826,0.931,0.000737,29.94,45.0,88.3,98.3,100.0
304,0.000676,0.745,3.446,0.00072,1056.07,40.0,86.7,98.3,98.3
305,0.000663,0.645,1.137,0.000699,27.43,40.0,90.0,100.0,100.0
306,0.000651,0.834,1.063,0.000712,36.95,35.0,80.0,100.0,100.0
307,0.000638,0.782,13.211,0.00069,5292.94,45.0,80.0,93.3,93.3
308,0.00062,1.662,0.934,0.000653,27.15,46.7,90.0,100.0,100.0
309,0.000603,0.639,0.926,0.000663,25.21,45.0,90.0,100.0,100.0
310,0.000587,0.543,0.81,0.000624,21.6,50.0,95.0,100.0,100.0
311,0.000572,0.604,0.795,0.000603,17.66,51.7,100.0,100.0,100.0
312,0.00056,0.603,1.176,0.000628,32.92,45.0,81.7,100.0,100.0
313,0.000547,0.66,0.771,0.000614,29.09,41.7,86.7,100.0,100.0
314,0.000533,0.597,0.706,0.000577,16.83,56.7,98.3,100.0,100.0
315,0.000523,0.521,0.979,0.000555,21.19,45.0,93.3,100.0,100.0
316,0.000509,0.498,0.742,0.000542,22.48,38.3,95.0,100.0,100.0
317,0.000504,0.575,0.671,0.000578,22.38,50.0,91.7,100.0,100.0
318,0.00049,0.569,1.094,0.000542,22.94,45.0,91.7,100.0,100.0
319,0.000482,0.556,1.27,0.000529,27.04,41.7,88.3,100.0,100.0
320,0.000478,0.618,0.777,0.00052,21.8,41.7,95.0,100.0,100.0
321,0.000468,0.446,0.836,0.000515,19.41,50.0,93.3,100.0,100.0
322,0.000465,0.622,4.962,0.000599,1749.78,31.7,76.7,98.3,98.3
323,0.00046,0.649,5.889,0.000554,1010.63,45.0,88.3,98.3,98.3
324,0.000453,0.502,1.041,0.000524,29.08,31.7,90.0,100.0,100.0
325,0.000449,0.509,1.03,0.000474,21.1,55.0,90.0,100.0,100.0
326,0.000439,0.468,0.977,0.000475,19.86,55.0,90.0,100.0,100.0
327,0.000434,0.478,0.915,0.000467,16.77,56.7,95.0,100.0,100.0
328,0.000431,0.499,1.518,0.000524,38.63,33.3,86.7,96.7,100.0
329,0.000424,0.486,1.093,0.000491,20.52,51.7,95.0,100.0,100.0
330,0.000421,0.482,1.232,0.000458,20.0,46.7,91.7,100.0,100.0
331,0.000419,0.809,6.078,0.000551,715.14,38.3,83.3,96.7,96.7
332,0.000415,0.966,1.131,0.000457,19.67,56.7,91.7,100.0,100.0
333,0.00041,0.48,0.945,0.000453,18.64,48.3,95.0,100.0,100.0
334,0.000403,0.465,0.62,0.000435,20.05,53.3,93.3,100.0,100.0
335,0.000409,0.446,0.956,0.000513,25.47,45.0,90.0,100.0,100.0
336,0.000398,0.478,1.131,0.000448,19.21,51.7,96.7,100.0,100.0
337,0.000394,0.524,0.854,0.000456,16.04,50.0,96.7,100.0,100.0
338,0.000388,0.444,1.117,0.000436,21.13,43.3,93.3,100.0,100.0
339,0.000385,0.497,6.372,0.000468,914.33,56.7,86.7,96.7,98.3
340,0.000384,0.522,1.142,0.000418,19.55,60.0,91.7,100.0,100.0
341,0.000377,0.55,0.975,0.000425,18.07,55.0,95.0,100.0,100.0
342,0.000373,0.456,0.908,0.000403,20.35,45.0,98.3,100.0,100.0
343,0.000369,0.558,1.155,0.000395,14.96,63.3,98.3,100.0,100.0
344,0.000364,0.404,1.063,0.00043,26.29,43.3,91.7,100.0,100.0
345,0.000361,0.467,0.888,0.000408,14.47,61.7,96.7,100.0,100.0
346,0.000356,0.42,0.985,0.000388,14.07,66.7,98.3,100.0,100.0
347,0.000355,0.435,0.735,0.0004,18.9,53.3,95.0,100.0,100.0
348,0.000352,0.534,1.019,0.00039,16.92,56.7,95.0,100.0,100.0
349,0.000346,0.416,1.002,0.000398,25.09,45.0,90.0,100.0,100.0
350,0.000344,0.465,1.254,0.000382,17.06,58.3,96.7,100.0,100.0
351,0.000338,0.42,0.909,0.000388,16.71,56.7,95.0,100.0,100.0
352,0.000337,0.45,1.367,0.000409,25.94,41.7,90.0,100.0,100.0
353,0.000341,0.504,1.138,0.000374,16.79,55.0,96.7,100.0,100.0
354,0.000331,0.458,0.946,0.000376,16.58,60.0,95.0,100.0,100.0
355,0.000327,0.517,0.84,0.000355,18.32,63.3,90.0,100.0,100.0
356,0.000323,0.392,0.949,0.000358,15.01,60.0,96.7,100.0,100.0
357,0.00032,0.394,1.158,0.000353,15.07,68.3,95.0,100.0,100.0
358,0.000317,0.459,1.099,0.000345,16.83,58.3,96.7,100.0,100.0
359,0.000313,0.461,0.895,0.000346,14.97,63.3,98.3,100.0,100.0
360,0.00031,0.386,0.974,0.000344,15.99,55.0,96.7,100.0,100.0
361,0.000308,0.422,0.769,0.00034,14.88,58.3,98.3,100.0,100.0
362,0.000311,0.496,1.159,0.00039,23.59,45.0,95.0,100.0,100.0
363,0.000305,0.387,1.236,0.000355,16.57,55.0,98.3,100.0,100.0
364,0.000304,0.462,1.392,0.000334,15.54,58.3,96.7,100.0,100.0
365,0.0003,0.433,1.089,0.000363,25.51,45.0,88.3,100.0,100.0
366,0.000299,0.366,1.031,0.000323,14.67,65.0,96.7,100.0,100.0
367,0.000295,0.382,1.32,0.000321,17.11,50.0,96.7,100.0,100.0
368,0.000289,0.439,0.886,0.000319,13.85,60.0,98.3,100.0,100.0
369,0.000285,0.407,0.728,0.000309,13.57,65.0,96.7,100.0,100.0
370,0.000283,0.404,0.838,0.000307,14.57,63.3,96.7,100.0,100.0
371,0.000279,0.405,1.124,0.000307,14.13,63.3,100.0,100.0,100.0
372,0.000278,0.419,0.925,0.000303,13.48,58.3,100.0,100.0,100.0
373,0.000276,0.401,0.941,0.000305,16.01,51.7,100.0,100.0,100.0
374,0.000272,0.342,1.495,0.000304,17.11,53.3,98.3,100.0,100.0
375,0.00027,0.392,1.21,0.000303,15.09,56.7,98.3,100.0,100.0
376,0.000269,0.365,1.23,0.000297,14.42,55.0,100.0,100.0,100.0
377,0.000265,0.426,1.093,0.000291,14.79,61.7,98.3,100.0,100.0
378,0.000262,0.334,0.905,0.000289,15.36,53.3,100.0,100.0,100.0
379,0.000261,0.451,0.959,0.000293,14.29,60.0,98.3,100.0,100.0
380,0.000258,0.363,1.054,0.000289,15.66,56.7,96.7,100.0,100.0
381,0.000256,0.364,1.172,0.000293,19.06,55.0,95.0,100.0,100.0
382,0.000254,0.343,0.956,0.000279,14.33,60.0,98.3,100.0,100.0
383,0.000251,0.327,1.201,0.000285,13.94,63.3,98.3,100.0,100.0
384,0.000249,0.358,1.053,0.000281,15.11,58.3,98.3,100.0,100.0
385,0.000247,0.329,1.206,0.000275,15.56,58.3,98.3,100.0,100.0
386,0.000244,0.371,1.349,0.000275,17.24,53.3,95.0,100.0,100.0
387,0.000246,0.369,1.057,0.000282,18.11,60.0,93.3,100.0,100.0
388,0.000242,0.378,0.977,0.000269,17.98,51.7,96.7,100.0,100.0
389,0.000239,0.355,0.719,0.000263,14.88,61.7,96.7,100.0,100.0
390,0.000236,0.417,1.017,0.000264,12.92,68.3,96.7,100.0,100.0
391,0.000233,0.372,1.352,0.000257,14.42,61.7,96.7,100.0,100.0
392,0.000232,0.298,0.951,0.000257,13.83,63.3,96.7,100.0,100.0
393,0.000228,0.35,1.06,0.000257,16.4,60.0,95.0,100.0,100.0
394,0.000228,0.338,0.808,0.00025,11.66,71.7,98.3,100.0,100.0
395,0.000225,0.335,1.052,0.000248,15.11,60.0,96.7,100.0,100.0
396,0.000221,0.33,1.023,0.000248,14.11,65.0,98.3,100.0,100.0
397,0.00022,0.368,1.223,0.000246,13.37,70.0,95.0,100.0,100.0
398,0.000216,0.345,0.872,0.000244,13.78,58.3,96.7,100.0,100.0
399,0.000213,0.37,0.859,0.000238,13.55,60.0,98.3,100.0,100.0
400,0.000208,0.388,1.036,0.000236,15.18,55.0,96.7,100.0,100.0
401,0.000205,0.408,1.068,0.000236,15.24,56.7,98.3,100.0,100.0
402,0.000201,0.354,1.152,0.000241,16.8,56.7,96.7,100.0,100.0
403,0.000199,0.393,0.94,0.000228,14.17,60.0,100.0,100.0,100.0
404,0.000192,0.361,1.188,0.00022,13.49,65.0,100.0,100.0,100.0
405,0.000187,0.36,0.858,0.000214,11.24,68.3,100.0,100.0,100.0
406,0.000185,0.385,1.097,0.000209,13.43,61.7,100.0,100.0,100.0
407,0.000183,0.408,1.355,0.000223,18.02,56.7,95.0,100.0,100.0
408,0.000178,0.402,1.144,0.000207,13.71,70.0,96.7,100.0,100.0
409,0.000176,0.353,1.257,0.000195,12.42,70.0,100.0,100.0,100.0
410,0.000172,0.388,1.11,0.000194,14.06,60.0,98.3,100.0,100.0
411,0.000167,0.365,0.958,0.000193,14.46,61.7,98.3,100.0,100.0
412,0.000165,0.367,1.029,0.000183,11.23,73.3,98.3,100.0,100.0
413,0.000162,0.385,1.078,0.00019,14.35,66.7,96.7,100.0,100.0
414,0.000159,0.329,1.28,0.000183,14.0,68.3,96.7,100.0,100.0
415,0.000156,0.326,1.165,0.000192,16.17,61.7,96.7,100.0,100.0
416,0.000154,0.33,1.409,0.000176,14.63,65.0,96.7,100.0,100.0
417,0.000153,0.352,0.696,0.000176,11.74,73.3,98.3,100.0,100.0
418,0.00015,0.343,0.753,0.000176,12.08,68.3,98.3,100.0,100.0
419,0.00015,0.392,1.184,0.000179,11.74,68.3,98.3,100.0,100.0
420,0.000147,0.334,1.107,0.000177,14.86,71.7,96.7,100.0,100.0
421,0.000149,0.761,1.286,0.00017,15.54,56.7,98.3,100.0,100.0
422,0.000146,0.425,1.338,0.000168,13.54,65.0,96.7,100.0,100.0
423,0.000143,0.357,1.151,0.000173,12.62,71.7,98.3,100.0,100.0
424,0.000142,0.417,1.126,0.000165,15.01,63.3,98.3,100.0,100.0
425,0.00014,0.396,1.055,0.000159,13.29,60.0,98.3,100.0,100.0
426,0.000137,0.33,0.95,0.00016,14.22,63.3,98.3,100.0,100.0
427,0.000136,0.305,0.954,0.000158,12.48,66.7,98.3,100.0,100.0
428,0.000135,0.335,1.065,0.000153,11.52,70.0,98.3,100.0,100.0
429,0.000134,0.353,1.074,0.000157,13.69,61.7,98.3,100.0,100.0
430,0.000131,0.329,1.156,0.000153,13.15,60.0,100.0,100.0,100.0
431,0.000132,0.328,1.025,0.000152,12.01,68.3,98.3,100.0,100.0
432,0.00013,0.332,0.864,0.00015,11.24,70.0,98.3,100.0,100.0
433,0.000129,0.365,1.034,0.000152,13.27,68.3,96.7,100.0,100.0
434,0.000128,0.319,0.87,0.000145,9.23,75.0,100.0,100.0,100.0
435,0.000126,0.315,0.986,0.000151,13.08,71.7,98.3,100.0,100.0
436,0.000125,0.323,0.782,0.000144,12.17,68.3,98.3,100.0,100.0
437,0.000124,0.318,0.733,0.000143,10.96,73.3,98.3,100.0,100.0
438,0.000125,0.32,11.835,0.000189,1735.35,66.7,95.0,96.7,96.7
439,0.000126,0.383,10.201,0.000244,1935.42,45.0,90.0,98.3,98.3
440,0.000127,0.436,0.922,0.000143,10.83,73.3,100.0,100.0,100.0
441,0.000126,0.371,1.061,0.000149,12.92,65.0,98.3,100.0,100.0
442,0.000123,0.353,0.67,0.000148,12.77,63.3,98.3,100.0,100.0
443,0.00012,0.317,0.886,0.000141,11.77,71.7,98.3,100.0,100.0
444,0.00012,0.347,1.094,0.00014,11.83,70.0,98.3,100.0,100.0
445,0.000118,0.352,0.741,0.000139,11.82,73.3,98.3,100.0,100.0
446,0.000116,0.322,1.001,0.000143,12.07,66.7,98.3,100.0,100.0
447,0.000118,0.366,1.095,0.000143,11.28,61.7,100.0,100.0,100.0
448,0.000115,0.351,0.828,0.000137,10.97,73.3,98.3,100.0,100.0
449,0.000116,0.383,1.153,0.000138,11.92,70.0,98.3,100.0,100.0
450,0.000113,0.314,0.852,0.000141,12.79,70.0,96.7,100.0,100.0
451,0.000114,0.385,0.912,0.000135,11.37,71.7,98.3,100.0,100.0
452,0.000111,0.259,0.823,0.000133,10.52,73.3,98.3,100.0,100.0
453,0.000112,0.395,0.973,0.000128,10.44,75.0,100.0,100.0,100.0
454,0.000111,0.303,1.082,0.000132,12.78,63.3,98.3,100.0,100.0
455,0.00011,0.347,0.909,0.000127,10.6,71.7,98.3,100.0,100.0
456,0.000109,0.352,1.037,0.000131,12.12,71.7,96.7,100.0,100.0
457,0.00011,0.343,0.939,0.000132,12.44,65.0,100.0,100.0,100.0
458,0.000108,0.313,0.904,0.000124,12.89,65.0,96.7,100.0,100.0
459,0.000107,0.343,1.328,0.000125,12.97,66.7,98.3,100.0,100.0
460,0.000105,0.317,0.945,0.000124,11.78,61.7,100.0,100.0,100.0
461,0.000106,0.317,0.944,0.000127,11.97,65.0,100.0,100.0,100.0
462,0.000105,0.363,0.895,0.000125,12.44,70.0,96.7,100.0,100.0
463,0.000106,0.312,0.835,0.000147,15.82,68.3,96.7,100.0,100.0
464,0.000105,0.346,0.944,0.000128,10.84,73.3,98.3,100.0,100.0
465,0.000105,0.334,1.052,0.000179,24.68,56.7,91.7,98.3,100.0
466,0.000105,0.364,0.935,0.00013,11.39,71.7,98.3,100.0,100.0
467,0.000106,0.403,22.367,0.000267,4501.83,60.0,85.0,91.7,91.7
468,0.000105,0.366,0.745,0.000191,29.21,45.0,88.3,100.0,100.0
469,0.000106,0.393,0.846,0.000165,11.57,68.3,100.0,100.0,100.0
470,0.0001,0.368,0.89,0.000119,10.63,71.7,100.0,100.0,100.0
471,0.0001,0.355,0.957,0.00012,11.46,71.7,98.3,100.0,100.0
472,9.8e-05,0.328,0.862,0.000118,10.61,75.0,100.0,100.0,100.0
473,9.6e-05,0.332,0.793,0.00012,11.35,70.0,98.3,100.0,100.0
474,9.5e-05,0.287,0.827,0.000115,12.42,70.0,98.3,100.0,100.0
475,9.4e-05,0.287,1.252,0.000112,12.07,70.0,98.3,100.0,100.0
476,9.3e-05,0.275,1.057,0.000113,10.58,73.3,98.3,100.0,100.0
477,9.4e-05,0.359,0.983,0.000113,12.62,65.0,98.3,100.0,100.0
478,9.3e-05,0.305,0.97,0.000111,9.75,78.3,98.3,100.0,100.0
479,9.3e-05,0.329,0.562,0.000113,9.43,80.0,98.3,100.0,100.0
480,9.2e-05,0.302,1.104,0.000113,11.01,75.0,98.3,100.0,100.0
481,9.2e-05,0.294,0.891,0.00011,9.89,80.0,98.3,100.0,100.0
482,9e-05,0.28,0.997,0.000107,9.68,81.7,98.3,100.0,100.0
483,8.9e-05,0.265,1.145,0.000109,9.61,81.7,98.3,100.0,100.0
484,9e-05,0.321,1.084,0.000107,10.82,76.7,98.3,100.0,100.0
485,8.9e-05,0.34,0.781,0.000107,10.27,73.3,100.0,100.0,100.0
486,8.8e-05,0.322,0.891,0.000105,9.85,76.7,98.3,100.0,100.0
487,8.7e-05,0.301,0.786,0.000111,11.41,75.0,98.3,100.0,100.0
488,8.6e-05,0.275,1.089,0.000107,12.23,70.0,98.3,100.0,100.0
489,8.6e-05,0.283,1.136,0.000107,12.32,70.0,98.3,100.0,100.0
490,8.6e-05,0.283,0.788,0.000106,12.17,70.0,98.3,100.0,100.0
491,8.6e-05,0.357,0.887,0.000104,10.39,71.7,100.0,100.0,100.0
492,8.4e-05,0.272,1.102,0.000105,10.08,80.0,98.3,100.0,100.0
493,8.4e-05,0.286,0.825,0.000104,9.9,80.0,98.3,100.0,100.0
494,8.4e-05,0.269,0.897,0.000104,11.2,76.7,98.3,100.0,100.0
495,8.3e-05,0.272,0.673,0.000103,10.99,75.0,98.3,100.0,100.0
496,8.2e-05,0.275,0.936,0.000107,12.44,68.3,98.3,100.0,100.0
497,8.2e-05,0.277,0.92,0.000105,11.13,71.7,98.3,100.0,100.0
498,8.1e-05,0.335,0.945,0.000102,9.98,80.0,98.3,100.0,100.0
499,8.1e-05,0.292,0.97,0.0001,9.39,80.0,98.3,100.0,100.0
500,7.9e-05,0.276,1.034,9.9e-05,9.66,78.3,100.0,100.0,100.0
501,8.1e-05,0.315,1.021,0.000103,11.37,71.7,100.0,100.0,100.0
502,8e-05,0.32,1.007,0.000104,11.49,73.3,98.3,100.0,100.0
503,8.1e-05,0.333,0.908,9.8e-05,9.85,78.3,100.0,100.0,100.0
504,8e-05,0.266,0.771,9.9e-05,10.59,81.7,98.3,100.0,100.0
505,7.8e-05,0.28,1.228,9.8e-05,10.89,76.7,98.3,100.0,100.0
506,7.7e-05,0.253,0.868,9.4e-05,9.58,78.3,100.0,100.0,100.0
507,7.7e-05,0.274,1.129,0.0001,10.36,78.3,98.3,100.0,100.0
508,7.7e-05,0.305,0.793,9.6e-05,9.29,81.7,98.3,100.0,100.0
509,7.8e-05,0.329,0.904,0.000105,9.12,78.3,100.0,100.0,100.0
510,7.7e-05,0.334,1.202,9.7e-05,10.23,78.3,100.0,100.0,100.0
511,8e-05,0.53,0.986,0.000116,13.34,70.0,96.7,100.0,100.0
512,7.5e-05,0.342,1.009,9.5e-05,9.66,80.0,98.3,100.0,100.0
513,7.6e-05,0.339,0.672,9.5e-05,11.1,76.7,98.3,100.0,100.0
514,7.4e-05,0.321,1.011,0.0001,9.86,78.3,100.0,100.0,100.0
515,7.3e-05,0.293,0.862,9.7e-05,9.58,83.3,98.3,100.0,100.0
516,7.3e-05,0.251,1.12,9.3e-05,10.85,70.0,98.3,100.0,100.0
517,7.3e-05,0.323,1.219,8.9e-05,9.24,80.0,98.3,100.0,100.0
518,7.3e-05,0.299,0.959,9e-05,10.65,76.7,100.0,100.0,100.0
519,7.2e-05,0.356,0.896,9.3e-05,10.17,78.3,98.3,100.0,100.0
520,7.2e-05,0.326,0.909,9.1e-05,11.09,73.3,98.3,100.0,100.0
521,7.3e-05,0.309,0.807,0.000102,12.14,73.3,96.7,100.0,100.0
522,7.4e-05,0.897,4.2,0.000174,809.19,53.3,91.7,96.7,96.7
523,7.3e-05,0.396,0.932,9.6e-05,10.56,71.7,100.0,100.0,100.0
524,7.3e-05,0.392,0.827,0.000103,11.37,76.7,98.3,100.0,100.0
525,7.2e-05,0.313,1.046,0.000101,13.53,65.0,98.3,100.0,100.0
526,7.6e-05,0.333,1.676,0.000207,611.2,58.3,90.0,98.3,98.3
527,7.4e-05,0.442,3.303,0.000144,328.06,63.3,93.3,96.7,96.7
528,7.3e-05,0.374,0.657,0.0001,13.28,75.0,98.3,100.0,100.0
529,7.1e-05,0.405,0.737,9.9e-05,12.8,73.3,96.7,100.0,100.0
530,7.1e-05,0.277,1.052,9.6e-05,12.05,75.0,98.3,100.0,100.0
531,7.2e-05,0.363,9.433,0.000178,1795.04,53.3,96.7,98.3,98.3
532,7.1e-05,0.343,0.969,9.8e-05,13.68,70.0,96.7,100.0,100.0
533,6.9e-05,0.35,1.053,9e-05,11.84,75.0,98.3,100.0,100.0
534,6.8e-05,0.33,0.78,8.8e-05,12.17,70.0,96.7,100.0,100.0
535,6.7e-05,0.334,0.908,8.8e-05,12.36,68.3,98.3,100.0,100.0
536,6.6e-05,0.286,0.906,8.9e-05,11.06,78.3,96.7,100.0,100.0
537,6.5e-05,0.314,0.737,8.6e-05,10.78,73.3,98.3,100.0,100.0
538,6.4e-05,0.28,0.762,8.5e-05,9.37,83.3,98.3,100.0,100.0
539,6.5e-05,0.308,0.846,8.7e-05,9.36,83.3,98.3,100.0,100.0
540,6.5e-05,0.321,1.072,9.6e-05,12.54,68.3,98.3,100.0,100.0
541,6.4e-05,0.325,0.62,8.5e-05,9.66,76.7,100.0,100.0,100.0
542,6.3e-05,0.264,0.911,8.1e-05,10.37,78.3,98.3,100.0,100.0
543,6.3e-05,0.291,0.863,8.5e-05,12.14,76.7,96.7,100.0,100.0
544,6.3e-05,0.33,0.86,9.6e-05,13.92,73.3,96.7,100.0,100.0
545,6.3e-05,0.303,0.811,8e-05,10.1,78.3,98.3,100.0,100.0
546,6.1e-05,0.282,0.935,8.3e-05,9.77,76.7,100.0,100.0,100.0
547,6e-05,0.303,0.63,8.1e-05,9.94,75.0,100.0,100.0,100.0
548,6.1e-05,0.318,1.029,8.6e-05,11.5,70.0,98.3,100.0,100.0
549,6.1e-05,0.303,0.808,8.1e-05,9.75,80.0,98.3,100.0,100.0
550,6.1e-05,0.294,1.061,8.2e-05,10.66,73.3,100.0,100.0,100.0
551,6e-05,0.284,0.946,8.2e-05,10.74,78.3,96.7,100.0,100.0
552,5.9e-05,0.287,0.704,7.9e-05,8.69,81.7,100.0,100.0,100.0
553,5.8e-05,0.29,0.708,8e-05,10.04,80.0,98.3,100.0,100.0
554,5.8e-05,0.326,0.917,8.1e-05,9.67,80.0,98.3,100.0,100.0
555,5.7e-05,0.247,0.97,7.9e-05,9.91,76.7,98.3,100.0,100.0
556,5.7e-05,0.343,1.098,7.8e-05,10.04,73.3,100.0,100.0,100.0
557,5.7e-05,0.311,1.025,7.9e-05,9.0,80.0,98.3,100.0,100.0
558,5.7e-05,0.273,0.926,7.9e-05,9.4,81.7,98.3,100.0,100.0
559,5.8e-05,0.271,0.828,0.000131,225.8,63.3,91.7,98.3,98.3
560,6.5e-05,0.332,25.734,0.000373,18651.76,46.7,76.7,83.3,83.3
561,6.4e-05,0.4,0.98,8.6e-05,14.61,68.3,96.7,100.0,100.0
562,6.3e-05,0.449,0.842,7.9e-05,10.59,83.3,98.3,100.0,100.0
563,6.1e-05,0.405,0.835,8.1e-05,13.68,70.0,96.7,100.0,100.0
564,5.7e-05,0.339,0.907,7.6e-05,10.9,78.3,98.3,100.0,100.0
565,5.7e-05,0.313,0.874,7.5e-05,9.03,80.0,98.3,100.0,100.0
566,5.6e-05,0.348,0.877,7.9e-05,10.39,78.3,98.3,100.0,100.0
567,5.7e-05,0.357,29.718,0.000351,10367.55,38.3,71.7,80.0,81.7
568,5.7e-05,0.361,0.852,7.9e-05,9.83,78.3,98.3,100.0,100.0
569,5.5e-05,0.377,0.676,6.9e-05,9.99,76.7,100.0,100.0,100.0
570,5.5e-05,0.309,0.96,7.4e-05,11.8,70.0,98.3,100.0,100.0
571,5.3e-05,0.294,0.729,7.2e-05,9.75,76.7,98.3,100.0,100.0
572,5.3e-05,0.293,0.959,6.9e-05,9.58,80.0,98.3,100.0,100.0
573,5.3e-05,0.333,1.12,7.6e-05,12.35,70.0,96.7,100.0,100.0
574,5.3e-05,0.309,0.731,7.3e-05,9.69,76.7,100.0,100.0,100.0
575,5.3e-05,0.28,0.812,7.2e-05,11.12,76.7,96.7,100.0,100.0
576,5.2e-05,0.293,0.74,7e-05,8.33,85.0,98.3,100.0,100.0
577,5.2e-05,0.318,0.962,6.9e-05,9.15,81.7,98.3,100.0,100.0
578,5.1e-05,0.32,0.88,7.3e-05,10.3,80.0,98.3,100.0,100.0
579,5e-05,0.256,0.936,7.1e-05,11.99,71.7,98.3,100.0,100.0
580,5e-05,0.277,1.027,7.2e-05,10.62,78.3,96.7,100.0,100.0
581,5e-05,0.294,0.807,6.8e-05,9.08,83.3,98.3,100.0,100.0
582,4.9e-05,0.299,0.809,6.9e-05,9.1,83.3,98.3,100.0,100.0
583,4.8e-05,0.31,0.864,6.7e-05,9.5,80.0,98.3,100.0,100.0
584,4.9e-05,0.258,1.065,6.7e-05,10.04,75.0,98.3,100.0,100.0
585,4.8e-05,0.301,0.948,6.9e-05,10.3,76.7,98.3,100.0,100.0
586,4.8e-05,0.302,0.781,6.8e-05,11.34,71.7,98.3,100.0,100.0
587,4.8e-05,0.337,0.791,6.9e-05,10.61,71.7,98.3,100.0,100.0
588,4.7e-05,0.279,0.939,6.6e-05,10.01,78.3,98.3,100.0,100.0
589,4.7e-05,0.321,0.908,6.4e-05,9.66,80.0,98.3,100.0,100.0
590,4.7e-05,0.29,0.905,6.8e-05,9.21,78.3,98.3,100.0,100.0
591,4.6e-05,0.26,1.008,6.7e-05,10.52,78.3,96.7,100.0,100.0
592,4.6e-05,0.264,0.789,6.7e-05,9.02,85.0,98.3,100.0,100.0
593,4.6e-05,0.261,0.865,6.4e-05,9.58,81.7,98.3,100.0,100.0
594,4.5e-05,0.271,0.899,6.5e-05,9.34,78.3,98.3,100.0,100.0
595,4.7e-05,0.398,1.145,6.6e-05,11.16,71.7,98.3,100.0,100.0
596,4.5e-05,0.257,0.912,6.8e-05,11.04,71.7,98.3,100.0,100.0
597,4.5e-05,0.278,0.998,6.5e-05,9.59,80.0,98.3,100.0,100.0
598,4.5e-05,0.288,0.993,6.6e-05,10.51,75.0,98.3,100.0,100.0
599,4.5e-05,0.256,0.856,6.7e-05,10.41,76.7,98.3,100.0,100.0
600,4.5e-05,0.314,1.044,6.7e-05,10.08,78.3,98.3,100.0,100.0
601,4.4e-05,0.263,0.949,6.9e-05,10.57,73.3,98.3,100.0,100.0
602,4.4e-05,0.268,0.827,6.4e-05,8.68,81.7,100.0,100.0,100.0
603,4.3e-05,0.261,0.994,6e-05,9.63,83.3,98.3,100.0,100.0
604,4.5e-05,0.285,0.955,6.3e-05,9.74,78.3,100.0,100.0,100.0
605,4.6e-05,0.62,0.931,6.2e-05,10.05,80.0,98.3,100.0,100.0
606,4.3e-05,0.283,0.83,6.5e-05,11.16,75.0,98.3,100.0,100.0
607,4.3e-05,0.257,0.87,6.4e-05,9.2,83.3,98.3,100.0,100.0
608,4.3e-05,0.337,0.99,6.6e-05,11.48,71.7,98.3,100.0,100.0
609,4.2e-05,0.333,1.038,6.1e-05,10.38,73.3,98.3,100.0,100.0
610,4.3e-05,0.257,1.066,6.5e-05,10.96,73.3,98.3,100.0,100.0
611,4.3e-05,0.274,3.302,9.4e-05,381.76,61.7,95.0,98.3,98.3
612,4.4e-05,0.332,0.863,6.5e-05,9.9,76.7,100.0,100.0,100.0
613,4.2e-05,0.352,0.887,5.8e-05,8.13,81.7,98.3,100.0,100.0
614,4.4e-05,0.359,0.823,6.5e-05,10.53,73.3,100.0,100.0,100.0
615,4.4e-05,0.347,0.959,6.3e-05,10.61,76.7,98.3,100.0,100.0
616,4.4e-05,0.325,1.169,7.7e-05,14.64,66.7,96.7,100.0,100.0
617,4.4e-05,0.27,1.154,8e-05,12.34,73.3,98.3,100.0,100.0
618,4.3e-05,0.33,0.987,6.6e-05,10.22,76.7,98.3,100.0,100.0
619,4.1e-05,0.308,1.19,6.1e-05,10.84,66.7,100.0,100.0,100.0
620,4.1e-05,0.28,1.074,6e-05,9.9,73.3,98.3,100.0,100.0
621,4e-05,0.308,1.026,6.4e-05,11.22,68.3,98.3,100.0,100.0
622,4.1e-05,0.348,1.093,6.4e-05,12.38,65.0,98.3,100.0,100.0
623,4e-05,0.311,0.925,6.6e-05,12.72,70.0,98.3,100.0,100.0
624,4e-05,0.268,0.861,5.9e-05,9.3,78.3,98.3,100.0,100.0
625,3.9e-05,0.25,0.948,6.8e-05,10.4,78.3,98.3,100.0,100.0
626,3.9e-05,0.295,0.63,6.1e-05,9.1,81.7,98.3,100.0,100.0
627,3.9e-05,0.317,0.886,6.2e-05,10.35,76.7,98.3,100.0,100.0
628,3.8e-05,0.312,0.795,5.7e-05,9.75,78.3,98.3,100.0,100.0
629,3.7e-05,0.319,0.912,5.8e-05,9.05,85.0,98.3,100.0,100.0
630,3.8e-05,0.276,0.958,6.1e-05,11.89,68.3,98.3,100.0,100.0
631,3.7e-05,0.321,1.09,5.6e-05,9.96,75.0,98.3,100.0,100.0
632,3.7e-05,0.192,1.091,5.8e-05,10.31,75.0,98.3,100.0,100.0
633,3.7e-05,0.309,0.881,5.8e-05,9.67,76.7,98.3,100.0,100.0
634,3.7e-05,0.266,1.041,5.4e-05,8.92,81.7,98.3,100.0,100.0
635,3.6e-05,0.261,1.051,5.6e-05,9.29,81.7,98.3,100.0,100.0
636,3.7e-05,0.284,0.868,5.5e-05,8.29,85.0,98.3,100.0,100.0
637,3.6e-05,0.255,0.942,5.5e-05,8.32,86.7,98.3,100.0,100.0
638,3.7e-05,0.317,1.15,5.9e-05,9.43,80.0,98.3,100.0,100.0
639,3.9e-05,0.273,12.76,0.000275,9679.91,46.7,75.0,83.3,83.3
640,4.1e-05,0.318,1.224,0.000105,11.93,71.7,96.7,100.0,100.0
641,3.9e-05,0.371,0.785,8.9e-05,14.76,70.0,96.7,100.0,100.0
642,3.8e-05,0.34,0.887,7.1e-05,12.51,75.0,98.3,100.0,100.0
643,3.7e-05,0.284,0.836,5.9e-05,10.19,78.3,98.3,100.0,100.0
644,3.6e-05,0.368,0.699,5.9e-05,10.38,80.0,98.3,100.0,100.0
645,3.5e-05,0.287,1.054,5.7e-05,10.77,78.3,96.7,100.0,100.0
646,3.6e-05,0.297,0.637,6.2e-05,11.09,71.7,100.0,100.0,100.0
647,3.7e-05,0.717,0.783,5.2e-05,8.76,85.0,100.0,100.0,100.0
648,3.5e-05,0.276,0.732,5.7e-05,10.0,78.3,98.3,100.0,100.0
649,3.6e-05,0.298,0.741,5.4e-05,8.92,85.0,100.0,100.0,100.0
650,3.5e-05,0.278,0.806,5.6e-05,9.59,80.0,100.0,100.0,100.0
651,3.5e-05,0.31,0.964,5.6e-05,10.43,73.3,98.3,100.0,100.0
652,3.4e-05,0.323,0.854,5.4e-05,8.34,88.3,98.3,100.0,100.0
653,3.4e-05,0.286,0.94,5.4e-05,9.72,83.3,100.0,100.0,100.0
654,3.4e-05,0.286,1.149,5.3e-05,10.6,81.7,98.3,100.0,100.0
655,3.3e-05,0.306,1.012,5.3e-05,10.76,76.7,100.0,100.0,100.0
656,3.3e-05,0.287,0.909,5.1e-05,9.92,81.7,100.0,100.0,100.0
657,3.2e-05,0.272,1.213,4.9e-05,10.17,75.0,100.0,100.0,100.0
658,3.2e-05,0.259,1.011,5e-05,9.99,76.7,100.0,100.0,100.0
659,3.2e-05,0.244,0.907,4.8e-05,9.89,78.3,100.0,100.0,100.0
660,3.3e-05,0.273,0.939,5e-05,9.64,78.3,100.0,100.0,100.0
661,3.1e-05,0.244,0.952,5.2e-05,10.67,76.7,98.3,100.0,100.0
662,3.2e-05,0.263,0.878,5e-05,9.39,81.7,100.0,100.0,100.0
663,3.1e-05,0.246,1.021,4.9e-05,9.01,81.7,98.3,100.0,100.0
664,3.1e-05,0.223,0.824,4.9e-05,9.71,83.3,98.3,100.0,100.0
665,3.1e-05,0.228,0.922,4.9e-05,9.55,80.0,100.0,100.0,100.0
666,3.1e-05,0.298,0.821,4.8e-05,9.32,81.7,100.0,100.0,100.0
667,3.1e-05,0.233,0.955,4.6e-05,9.34,81.7,100.0,100.0,100.0
668,3e-05,0.234,0.768,4.7e-05,9.13,81.7,100.0,100.0,100.0
669,3e-05,0.233,0.7,4.6e-05,8.65,86.7,100.0,100.0,100.0
670,3e-05,0.246,0.755,4.6e-05,9.17,81.7,100.0,100.0,100.0
671,3e-05,0.3,0.73,4.9e-05,10.34,78.3,98.3,100.0,100.0
672,2.9e-05,0.231,0.879,4.8e-05,10.19,78.3,100.0,100.0,100.0
673,3e-05,0.285,0.706,4.6e-05,8.19,86.7,100.0,100.0,100.0
674,3e-05,0.236,0.744,4.9e-05,9.3,83.3,100.0,100.0,100.0
675,3e-05,0.227,0.83,4.7e-05,9.38,81.7,100.0,100.0,100.0
676,2.9e-05,0.243,0.827,4.5e-05,8.8,85.0,100.0,100.0,100.0
677,3e-05,0.339,0.94,4.5e-05,8.68,80.0,100.0,100.0,100.0
678,3e-05,0.256,1.063,4.6e-05,10.51,75.0,100.0,100.0,100.0
679,2.9e-05,0.255,0.91,4.7e-05,9.16,78.3,100.0,100.0,100.0
680,2.9e-05,0.295,0.859,4.7e-05,9.58,81.7,98.3,100.0,100.0
681,2.8e-05,0.214,0.813,4.6e-05,9.09,83.3,100.0,100.0,100.0
682,2.8e-05,0.289,0.814,4.6e-05,9.34,83.3,100.0,100.0,100.0
683,2.8e-05,0.225,0.949,4.6e-05,10.02,78.3,100.0,100.0,100.0
684,2.7e-05,0.233,0.906,4.5e-05,9.17,81.7,100.0,100.0,100.0
685,2.8e-05,0.247,0.778,4.6e-05,9.11,83.3,100.0,100.0,100.0
686,2.7e-05,0.235,0.545,4.4e-05,9.84,81.7,100.0,100.0,100.0
687,2.7e-05,0.207,0.751,4.4e-05,9.29,80.0,100.0,100.0,100.0
688,2.7e-05,0.232,0.586,4.4e-05,8.71,86.7,100.0,100.0,100.0
689,2.7e-05,0.226,0.866,4.8e-05,9.94,76.7,100.0,100.0,100.0
690,2.7e-05,0.232,0.929,4.4e-05,8.39,88.3,100.0,100.0,100.0
691,2.7e-05,0.229,0.991,4.7e-05,10.0,76.7,100.0,100.0,100.0
692,2.6e-05,0.276,0.963,4.7e-05,10.21,80.0,100.0,100.0,100.0
693,2.7e-05,0.284,1.042,5.3e-05,10.89,83.3,98.3,100.0,100.0
694,2.6e-05,0.245,0.846,5.2e-05,11.15,75.0,98.3,100.0,100.0
695,2.7e-05,0.324,0.878,4.7e-05,10.88,76.7,98.3,100.0,100.0
696,2.9e-05,0.289,1.951,6e-05,174.04,78.3,96.7,98.3,98.3
697,2.8e-05,0.311,2.603,9.9e-05,7953.15,68.3,95.0,96.7,96.7
698,2.9e-05,0.255,1.422,0.000141,748.94,60.0,90.0,98.3,98.3
699,3.1e-05,0.34,0.948,8.7e-05,13.95,68.3,96.7,100.0,100.0
700,3e-05,0.334,0.751,6.1e-05,13.48,66.7,98.3,100.0,100.0
701,2.8e-05,0.288,0.901,4.7e-05,10.36,73.3,98.3,100.0,100.0
702,2.9e-05,0.258,0.677,6.9e-05,13.18,71.7,98.3,100.0,100.0
703,2.9e-05,0.299,0.876,4.5e-05,8.83,83.3,100.0,100.0,100.0
704,2.8e-05,0.301,0.915,5.3e-05,9.64,78.3,100.0,100.0,100.0
705,2.6e-05,0.3,0.721,4.2e-05,9.77,75.0,100.0,100.0,100.0
706,2.7e-05,0.273,0.59,4.7e-05,10.41,73.3,100.0,100.0,100.0
707,2.6e-05,0.295,0.489,4.1e-05,7.84,85.0,100.0,100.0,100.0
708,2.5e-05,0.252,0.627,4.2e-05,9.23,85.0,100.0,100.0,100.0
709,2.5e-05,0.257,0.716,4.2e-05,9.49,80.0,100.0,100.0,100.0
710,2.6e-05,0.273,0.783,4.7e-05,9.64,76.7,100.0,100.0,100.0
711,2.5e-05,0.286,0.438,4.4e-05,9.21,81.7,100.0,100.0,100.0
712,2.4e-05,0.247,0.538,4e-05,8.06,88.3,100.0,100.0,100.0
713,2.4e-05,0.243,0.612,3.9e-05,7.88,85.0,100.0,100.0,100.0
714,2.5e-05,0.256,0.709,4.2e-05,8.84,83.3,98.3,100.0,100.0
715,2.5e-05,0.258,0.903,6.5e-05,12.72,83.3,96.7,100.0,100.0
716,2.5e-05,0.3,0.804,5.2e-05,11.11,78.3,98.3,100.0,100.0
717,2.5e-05,0.307,0.59,4.3e-05,8.33,85.0,100.0,100.0,100.0
718,2.4e-05,0.268,0.696,4.5e-05,10.12,78.3,100.0,100.0,100.0
719,2.4e-05,0.274,0.699,4.1e-05,8.66,86.7,98.3,100.0,100.0
720,2.4e-05,0.234,0.848,4.4e-05,10.23,83.3,98.3,100.0,100.0
721,2.5e-05,0.264,0.701,4.1e-05,9.15,78.3,100.0,100.0,100.0
722,2.5e-05,0.322,0.647,3.9e-05,9.83,81.7,96.7,100.0,100.0
723,2.4e-05,0.25,0.946,3.8e-05,9.37,80.0,100.0,100.0,100.0
724,2.3e-05,0.238,0.862,4e-05,8.7,83.3,100.0,100.0,100.0
725,2.3e-05,0.255,0.634,4.3e-05,8.52,85.0,98.3,100.0,100.0
726,2.4e-05,0.26,0.694,3.9e-05,8.48,86.7,100.0,100.0,100.0
727,2.7e-05,0.523,0.696,6.4e-05,10.38,78.3,98.3,100.0,100.0
728,2.4e-05,0.299,0.884,4.7e-05,10.31,76.7,100.0,100.0,100.0
729,2.3e-05,0.275,0.79,4.2e-05,9.59,78.3,100.0,100.0,100.0
730,2.3e-05,0.277,0.642,4.3e-05,9.07,76.7,100.0,100.0,100.0
731,2.4e-05,0.255,0.623,5.2e-05,10.68,75.0,98.3,100.0,100.0
732,2.3e-05,0.307,0.696,4e-05,9.76,73.3,100.0,100.0,100.0
733,2.3e-05,0.278,0.754,4.3e-05,9.82,81.7,98.3,100.0,100.0
734,2.3e-05,0.273,0.693,4.1e-05,9.06,83.3,100.0,100.0,100.0
735,2.3e-05,0.268,0.75,4e-05,8.13,83.3,100.0,100.0,100.0
736,2.2e-05,0.273,0.827,4.3e-05,9.17,81.7,100.0,100.0,100.0
737,2.2e-05,0.267,0.554,4.2e-05,8.66,83.3,100.0,100.0,100.0
738,2.2e-05,0.218,0.535,4.4e-05,9.01,78.3,100.0,100.0,100.0
739,2.1e-05,0.216,0.618,3.8e-05,8.8,80.0,100.0,100.0,100.0
740,2.1e-05,0.259,0.682,3.8e-05,7.79,85.0,100.0,100.0,100.0
741,2.1e-05,0.22,0.751,4.1e-05,9.81,78.3,100.0,100.0,100.0
742,2.1e-05,0.204,0.724,3.9e-05,8.31,85.0,100.0,100.0,100.0
743,2.2e-05,0.242,0.879,4.1e-05,10.51,78.3,100.0,100.0,100.0
744,2.1e-05,0.228,0.93,4e-05,8.35,81.7,100.0,100.0,100.0
745,2.2e-05,0.225,0.955,4.1e-05,9.31,78.3,100.0,100.0,100.0
746,2.2e-05,0.241,0.751,4.6e-05,10.8,80.0,98.3,100.0,100.0
747,2.2e-05,0.315,0.696,6.1e-05,12.87,66.7,100.0,100.0,100.0
748,2.1e-05,0.301,0.977,4e-05,9.19,78.3,100.0,100.0,100.0
749,2.1e-05,0.27,0.63,3.8e-05,7.47,85.0,100.0,100.0,100.0
750,2.1e-05,0.264,0.684,3.7e-05,7.79,85.0,100.0,100.0,100.0
751,2e-05,0.253,0.687,3.8e-05,10.07,75.0,100.0,100.0,100.0
752,2.1e-05,0.266,0.723,4.1e-05,9.39,80.0,100.0,100.0,100.0
753,2e-05,0.242,0.88,3.9e-05,8.12,86.7,100.0,100.0,100.0
754,2e-05,0.236,0.407,3.8e-05,8.41,90.0,100.0,100.0,100.0
755,2e-05,0.25,0.753,4.4e-05,9.62,81.7,98.3,100.0,100.0
756,2.2e-05,0.255,0.836,4.1e-05,9.33,86.7,98.3,100.0,100.0
757,2e-05,0.236,0.959,3.9e-05,8.39,83.3,100.0,100.0,100.0
758,2e-05,0.243,0.831,3.6e-05,7.67,88.3,100.0,100.0,100.0
759,2.1e-05,0.304,0.958,3.9e-05,9.25,80.0,100.0,100.0,100.0
760,2e-05,0.226,1.255,6.8e-05,13.67,75.0,95.0,100.0,100.0
761,2.1e-05,0.287,1.006,4.1e-05,9.6,76.7,100.0,100.0,100.0
762,2.1e-05,0.298,0.82,4.4e-05,11.21,76.7,100.0,100.0,100.0
763,2e-05,0.302,0.798,3.9e-05,9.38,85.0,98.3,100.0,100.0
764,1.9e-05,0.283,1.105,3.8e-05,9.6,76.7,100.0,100.0,100.0
765,2e-05,0.227,0.99,3.7e-05,9.08,85.0,98.3,100.0,100.0
766,1.9e-05,0.244,0.625,3.8e-05,8.52,83.3,100.0,100.0,100.0
767,2e-05,0.257,0.655,3.4e-05,8.82,83.3,100.0,100.0,100.0
768,1.9e-05,0.262,0.656,3.4e-05,7.76,85.0,100.0,100.0,100.0
769,1.9e-05,0.243,0.485,3.7e-05,7.64,85.0,100.0,100.0,100.0
770,1.9e-05,0.232,0.982,3.5e-05,9.31,81.7,100.0,100.0,100.0
771,1.8e-05,0.214,0.794,3.6e-05,7.79,85.0,100.0,100.0,100.0
772,1.8e-05,0.248,1.042,3.4e-05,9.41,80.0,100.0,100.0,100.0
773,1.8e-05,0.261,0.914,3.5e-05,9.38,80.0,100.0,100.0,100.0
774,1.8e-05,0.238,1.083,3.4e-05,9.62,78.3,100.0,100.0,100.0
775,1.8e-05,0.236,0.899,3.4e-05,7.99,86.7,100.0,100.0,100.0
776,1.8e-05,0.241,0.901,3.2e-05,7.75,85.0,100.0,100.0,100.0
777,1.8e-05,0.247,0.951,3.3e-05,8.27,86.7,100.0,100.0,100.0
778,1.8e-05,0.225,0.816,3.5e-05,9.25,78.3,100.0,100.0,100.0
779,1.7e-05,0.224,0.848,3.3e-05,8.07,86.7,100.0,100.0,100.0
780,1.7e-05,0.216,0.816,3.3e-05,7.84,86.7,100.0,100.0,100.0
781,1.7e-05,0.221,0.71,3.4e-05,8.24,86.7,100.0,100.0,100.0
782,1.7e-05,0.253,0.916,3.2e-05,8.63,83.3,100.0,100.0,100.0
783,1.8e-05,0.26,0.767,3.3e-05,8.24,85.0,100.0,100.0,100.0
784,1.8e-05,0.207,0.526,3.1e-05,7.58,88.3,100.0,100.0,100.0
785,1.8e-05,0.227,0.663,3.2e-05,7.72,90.0,100.0,100.0,100.0
786,1.7e-05,0.235,0.797,3.4e-05,8.71,81.7,100.0,100.0,100.0
787,1.7e-05,0.248,0.753,3.2e-05,7.82,85.0,100.0,100.0,100.0
788,1.6e-05,0.229,0.651,3.3e-05,8.73,83.3,100.0,100.0,100.0
789,1.7e-05,0.233,0.663,3.2e-05,8.2,81.7,100.0,100.0,100.0
790,1.6e-05,0.204,0.741,3.2e-05,8.3,83.3,100.0,100.0,100.0
791,1.7e-05,0.236,0.711,3.1e-05,8.57,81.7,100.0,100.0,100.0
792,1.6e-05,0.198,0.837,3.2e-05,9.18,83.3,100.0,100.0,100.0
793,1.6e-05,0.202,0.706,3.2e-05,8.51,83.3,100.0,100.0,100.0
794,1.6e-05,0.199,0.994,3.2e-05,8.67,81.7,100.0,100.0,100.0
795,1.6e-05,0.187,0.828,3.1e-05,7.89,78.3,100.0,100.0,100.0
796,1.6e-05,0.217,0.824,3.1e-05,8.59,80.0,100.0,100.0,100.0
797,1.6e-05,0.216,0.746,3.1e-05,8.2,81.7,100.0,100.0,100.0
798,1.6e-05,0.2,0.873,2.9e-05,7.68,80.0,100.0,100.0,100.0
799,1.5e-05,0.194,0.744,3.2e-05,8.93,78.3,100.0,100.0,100.0
800,1.5e-05,0.232,0.794,3.1e-05,8.38,80.0,100.0,100.0,100.0
801,1.6e-05,0.193,0.716,3.5e-05,9.23,80.0,100.0,100.0,100.0
802,1.5e-05,0.213,0.779,3.5e-05,8.14,81.7,100.0,100.0,100.0
803,1.6e-05,0.22,0.672,3.5e-05,8.72,80.0,100.0,100.0,100.0
804,1.5e-05,0.21,0.844,3.3e-05,8.87,80.0,100.0,100.0,100.0
805,1.6e-05,0.191,0.907,3.2e-05,8.52,80.0,100.0,100.0,100.0
806,1.5e-05,0.238,0.954,3e-05,8.19,80.0,100.0,100.0,100.0
807,1.5e-05,0.214,0.979,3.2e-05,8.68,81.7,100.0,100.0,100.0
808,1.5e-05,0.234,0.792,3e-05,8.47,83.3,100.0,100.0,100.0
809,1.5e-05,0.239,0.69,2.9e-05,8.57,81.7,100.0,100.0,100.0
810,1.5e-05,0.242,0.666,3.1e-05,7.84,83.3,100.0,100.0,100.0
811,1.5e-05,0.185,0.739,2.9e-05,8.0,85.0,100.0,100.0,100.0
812,1.5e-05,0.224,0.841,3e-05,8.42,81.7,100.0,100.0,100.0
813,1.5e-05,0.239,0.838,3.2e-05,8.63,80.0,100.0,100.0,100.0
814,1.7e-05,0.27,0.954,4e-05,8.67,76.7,100.0,100.0,100.0
815,1.8e-05,0.298,0.622,3.9e-05,9.72,76.7,100.0,100.0,100.0
816,2e-05,0.614,0.595,3.8e-05,10.11,75.0,100.0,100.0,100.0
817,1.9e-05,0.303,0.578,3.6e-05,8.76,85.0,100.0,100.0,100.0
818,1.8e-05,0.258,0.918,3.7e-05,7.54,88.3,98.3,100.0,100.0
819,1.7e-05,0.282,8.084,0.000114,1834.73,53.3,91.7,96.7,96.7
820,1.6e-05,0.22,0.588,3.3e-05,7.3,86.7,100.0,100.0,100.0
821,1.5e-05,0.245,0.787,3.3e-05,8.45,83.3,100.0,100.0,100.0
822,1.5e-05,0.265,0.869,3.2e-05,8.47,83.3,100.0,100.0,100.0
823,1.5e-05,0.228,0.674,3.3e-05,8.25,83.3,100.0,100.0,100.0
824,1.6e-05,0.259,1.062,3.8e-05,9.99,75.0,98.3,100.0,100.0
825,1.7e-05,0.282,0.612,4.6e-05,9.95,75.0,100.0,100.0,100.0
826,1.6e-05,0.252,0.485,3.8e-05,8.04,81.7,100.0,100.0,100.0
827,1.5e-05,0.241,0.769,3.1e-05,7.69,81.7,100.0,100.0,100.0
828,1.5e-05,0.219,0.701,3.1e-05,6.54,90.0,100.0,100.0,100.0
829,1.5e-05,0.231,0.784,3.1e-05,8.27,83.3,100.0,100.0,100.0
830,1.4e-05,0.242,0.728,3.5e-05,10.01,75.0,98.3,100.0,100.0
831,1.5e-05,0.259,0.531,2.7e-05,7.13,86.7,100.0,100.0,100.0
832,1.5e-05,0.214,0.678,2.9e-05,7.39,86.7,100.0,100.0,100.0
833,1.4e-05,0.282,0.796,3.1e-05,7.82,85.0,100.0,100.0,100.0
834,1.4e-05,0.253,0.858,2.8e-05,5.91,88.3,100.0,100.0,100.0
835,1.4e-05,0.247,0.799,2.9e-05,8.01,81.7,100.0,100.0,100.0
836,1.4e-05,0.224,0.717,2.9e-05,7.66,86.7,100.0,100.0,100.0
837,1.5e-05,0.244,0.945,2.9e-05,8.88,80.0,100.0,100.0,100.0
838,1.4e-05,0.204,0.87,2.9e-05,8.3,80.0,100.0,100.0,100.0
839,1.4e-05,0.247,0.762,2.9e-05,7.21,88.3,100.0,100.0,100.0
840,1.3e-05,0.216,0.751,2.9e-05,6.84,88.3,100.0,100.0,100.0
841,1.3e-05,0.204,0.561,3.1e-05,7.94,86.7,100.0,100.0,100.0
842,1.3e-05,0.206,0.712,2.9e-05,9.27,80.0,100.0,100.0,100.0
843,1.3e-05,0.21,0.675,2.8e-05,9.08,81.7,98.3,100.0,100.0
844,1.4e-05,0.249,0.487,3e-05,7.21,90.0,100.0,100.0,100.0
845,1.4e-05,0.259,0.665,3.1e-05,8.06,81.7,100.0,100.0,100.0
846,1.3e-05,0.221,0.367,3.2e-05,8.05,85.0,100.0,100.0,100.0
847,1.3e-05,0.24,0.587,3.2e-05,9.24,78.3,100.0,100.0,100.0
848,1.3e-05,0.221,0.706,3.3e-05,7.46,83.3,100.0,100.0,100.0
849,1.3e-05,0.233,0.674,3.2e-05,8.73,81.7,100.0,100.0,100.0
850,1.3e-05,0.237,0.748,3.1e-05,8.68,80.0,100.0,100.0,100.0
851,1.3e-05,0.234,0.618,3.1e-05,8.73,83.3,100.0,100.0,100.0
852,1.3e-05,0.224,0.857,2.9e-05,8.52,83.3,100.0,100.0,100.0
853,1.3e-05,0.221,0.592,3e-05,7.86,86.7,100.0,100.0,100.0
854,1.2e-05,0.217,0.607,2.9e-05,7.42,88.3,100.0,100.0,100.0
855,1.3e-05,0.224,0.823,2.9e-05,8.28,83.3,100.0,100.0,100.0
856,1.3e-05,0.189,0.808,2.9e-05,7.94,86.7,100.0,100.0,100.0
857,1.2e-05,0.187,0.761,2.8e-05,7.4,86.7,100.0,100.0,100.0
858,1.2e-05,0.205,0.681,2.9e-05,8.42,83.3,100.0,100.0,100.0
859,1.2e-05,0.217,0.681,2.7e-05,6.89,91.7,100.0,100.0,100.0
860,1.3e-05,0.221,0.61,2.9e-05,7.58,86.7,100.0,100.0,100.0
861,1.2e-05,0.196,0.763,3.2e-05,8.57,83.3,100.0,100.0,100.0
862,1.2e-05,0.193,0.712,2.7e-05,6.51,90.0,100.0,100.0,100.0
863,1.2e-05,0.186,0.758,3.6e-05,9.31,85.0,98.3,100.0,100.0
864,1.2e-05,0.176,0.642,3.1e-05,7.78,88.3,100.0,100.0,100.0
865,1.2e-05,0.204,0.674,3.3e-05,9.38,83.3,100.0,100.0,100.0
866,1.2e-05,0.231,0.867,2.7e-05,7.77,85.0,100.0,100.0,100.0
867,1.3e-05,0.207,0.899,5.3e-05,8.93,81.7,98.3,100.0,100.0
868,1.3e-05,0.24,0.785,3.2e-05,8.78,85.0,100.0,100.0,100.0
869,1.3e-05,0.23,0.728,3.1e-05,8.61,81.7,100.0,100.0,100.0
870,1.2e-05,0.228,0.716,2.8e-05,8.66,81.7,100.0,100.0,100.0
871,1.2e-05,0.237,0.65,2.9e-05,8.04,85.0,100.0,100.0,100.0
872,1.2e-05,0.228,0.655,2.6e-05,7.93,85.0,100.0,100.0,100.0
873,1.2e-05,0.223,0.516,2.7e-05,7.84,83.3,100.0,100.0,100.0
874,1.1e-05,0.204,0.723,2.6e-05,8.19,85.0,98.3,100.0,100.0
875,1.1e-05,0.22,0.703,2.8e-05,9.05,78.3,100.0,100.0,100.0
876,1.2e-05,0.223,0.75,2.5e-05,7.24,81.7,100.0,100.0,100.0
877,1.2e-05,0.21,0.5,2.7e-05,7.52,86.7,100.0,100.0,100.0
878,1.2e-05,0.237,0.543,2.8e-05,7.37,85.0,100.0,100.0,100.0
879,1.1e-05,0.21,0.831,2.7e-05,7.75,85.0,100.0,100.0,100.0
880,1.1e-05,0.237,0.74,2.7e-05,8.21,85.0,100.0,100.0,100.0
881,1.1e-05,0.212,0.871,2.6e-05,7.15,86.7,100.0,100.0,100.0
882,1.1e-05,0.191,1.002,2.5e-05,7.61,85.0,100.0,100.0,100.0
883,1.1e-05,0.205,0.679,2.6e-05,6.71,91.7,100.0,100.0,100.0
884,1.1e-05,0.222,0.754,2.6e-05,7.26,90.0,100.0,100.0,100.0
885,1.1e-05,0.2,0.605,2.7e-05,8.58,83.3,100.0,100.0,100.0
886,1.1e-05,0.18,0.595,2.8e-05,7.86,85.0,100.0,100.0,100.0
887,1.1e-05,0.225,0.771,2.7e-05,6.83,88.3,100.0,100.0,100.0
888,1e-05,0.183,0.639,2.5e-05,6.43,90.0,100.0,100.0,100.0
889,1e-05,0.212,0.681,2.5e-05,6.79,83.3,100.0,100.0,100.0
890,1e-05,0.206,0.66,2.7e-05,8.57,78.3,100.0,100.0,100.0
891,1.1e-05,0.241,0.768,2.5e-05,6.87,86.7,100.0,100.0,100.0
892,1.1e-05,0.233,0.754,2.7e-05,7.44,85.0,100.0,100.0,100.0
893,1.1e-05,0.213,0.578,2.6e-05,8.24,86.7,100.0,100.0,100.0
894,1.1e-05,0.215,0.561,2.7e-05,7.99,86.7,100.0,100.0,100.0
895,1e-05,0.205,0.676,2.6e-05,7.6,90.0,100.0,100.0,100.0
896,1e-05,0.183,0.643,2.6e-05,7.59,86.7,100.0,100.0,100.0
897,1.1e-05,0.219,0.724,2.6e-05,7.38,91.7,100.0,100.0,100.0
898,1e-05,0.193,0.727,2.5e-05,7.87,90.0,100.0,100.0,100.0
899,1e-05,0.188,0.578,2.4e-05,7.68,88.3,100.0,100.0,100.0
900,1e-05,0.195,0.719,2.4e-05,7.83,88.3,100.0,100.0,100.0
901,1e-05,0.197,0.677,2.5e-05,7.22,91.7,100.0,100.0,100.0
902,1e-05,0.19,0.501,2.4e-05,7.04,90.0,100.0,100.0,100.0
903,1e-05,0.228,0.582,2.4e-05,7.13,85.0,100.0,100.0,100.0
904,1e-05,0.167,0.66,2.5e-05,8.65,85.0,98.3,100.0,100.0
905,1e-05,0.186,0.742,2.5e-05,7.95,83.3,100.0,100.0,100.0
906,1e-05,0.189,0.63,2.4e-05,7.52,86.7,100.0,100.0,100.0
907,1e-05,0.198,0.393,2.6e-05,7.8,88.3,100.0,100.0,100.0
908,1e-05,0.209,0.523,2.5e-05,7.42,88.3,100.0,100.0,100.0
909,1e-05,0.187,0.449,2.6e-05,7.64,85.0,100.0,100.0,100.0
910,1e-05,0.222,0.682,2.4e-05,6.99,90.0,100.0,100.0,100.0
911,1e-05,0.183,0.688,2.6e-05,8.91,85.0,100.0,100.0,100.0
912,1e-05,0.188,0.459,2.5e-05,7.73,88.3,100.0,100.0,100.0
913,1e-05,0.218,0.569,2.5e-05,7.81,86.7,100.0,100.0,100.0
914,9e-06,0.183,0.556,2.4e-05,7.0,91.7,100.0,100.0,100.0
915,9e-06,0.21,0.591,2.3e-05,7.07,88.3,100.0,100.0,100.0
916,1e-05,0.208,0.598,2.6e-05,8.15,86.7,100.0,100.0,100.0
917,1e-05,0.217,0.703,2.5e-05,7.99,83.3,100.0,100.0,100.0
918,1e-05,0.214,0.558,2.5e-05,7.39,88.3,100.0,100.0,100.0
919,9e-06,0.198,0.748,2.6e-05,7.54,86.7,100.0,100.0,100.0
920,9e-06,0.192,0.738,2.3e-05,7.59,88.3,100.0,100.0,100.0
921,9e-06,0.213,0.596,2.4e-05,8.12,85.0,100.0,100.0,100.0
922,9e-06,0.187,0.611,2.5e-05,8.16,86.7,100.0,100.0,100.0
923,1e-05,0.171,0.563,2.5e-05,8.06,86.7,98.3,100.0,100.0
924,9e-06,0.211,0.54,2.5e-05,7.07,90.0,100.0,100.0,100.0
925,9e-06,0.198,0.828,2.5e-05,8.38,83.3,100.0,100.0,100.0
926,1e-05,0.214,0.474,2.6e-05,7.48,86.7,100.0,100.0,100.0
927,9e-06,0.198,0.541,2.8e-05,8.8,83.3,100.0,100.0,100.0
928,1e-05,0.178,0.735,2.5e-05,8.2,86.7,100.0,100.0,100.0
929,1e-05,0.217,0.727,2.5e-05,8.1,88.3,100.0,100.0,100.0
930,1e-05,0.205,0.456,2.4e-05,7.24,91.7,100.0,100.0,100.0
931,9e-06,0.176,0.697,2.5e-05,8.25,88.3,100.0,100.0,100.0
932,1e-05,0.244,10.048,6.9e-05,2036.48,73.3,95.0,98.3,98.3
933,1.2e-05,0.246,0.848,3.2e-05,7.86,86.7,98.3,100.0,100.0
934,1.1e-05,0.275,0.766,2.9e-05,8.08,83.3,100.0,100.0,100.0
935,1.2e-05,0.266,0.767,3.1e-05,9.07,83.3,100.0,100.0,100.0
936,1e-05,0.234,0.478,2.9e-05,7.88,86.7,100.0,100.0,100.0
937,1e-05,0.229,0.8,2.4e-05,7.83,88.3,100.0,100.0,100.0
938,1e-05,0.248,0.799,2.6e-05,8.31,85.0,100.0,100.0,100.0
939,9e-06,0.212,0.822,2.3e-05,8.2,85.0,100.0,100.0,100.0
940,1e-05,0.22,0.546,2.5e-05,7.18,88.3,100.0,100.0,100.0
941,9e-06,0.2,0.626,2.7e-05,7.64,86.7,100.0,100.0,100.0
942,9e-06,0.207,0.618,2.5e-05,7.91,88.3,100.0,100.0,100.0
943,9e-06,0.196,0.622,2.3e-05,7.19,86.7,100.0,100.0,100.0
944,9e-06,0.212,0.638,2.5e-05,8.01,85.0,100.0,100.0,100.0
945,9e-06,0.221,0.667,2.4e-05,7.75,90.0,100.0,100.0,100.0
946,9e-06,0.199,0.476,2.3e-05,6.62,88.3,100.0,100.0,100.0
947,9e-06,0.21,0.526,2.3e-05,6.68,90.0,100.0,100.0,100.0
948,9e-06,0.22,0.561,2.3e-05,7.54,88.3,100.0,100.0,100.0
949,8e-06,0.173,0.478,2.3e-05,6.81,90.0,100.0,100.0,100.0
950,8e-06,0.209,0.448,2.4e-05,7.41,85.0,100.0,100.0,100.0
951,8e-06,0.202,0.566,2.3e-05,6.81,90.0,100.0,100.0,100.0
952,8e-06,0.179,0.589,2.3e-05,6.19,90.0,100.0,100.0,100.0
953,8e-06,0.185,0.39,2.3e-05,6.0,91.7,100.0,100.0,100.0
954,9e-06,0.206,0.545,2.4e-05,8.1,85.0,100.0,100.0,100.0
955,8e-06,0.215,0.578,2.5e-05,7.4,88.3,100.0,100.0,100.0
956,8e-06,0.216,0.572,2.3e-05,6.78,90.0,100.0,100.0,100.0
957,8e-06,0.181,0.999,2.5e-05,8.99,80.0,98.3,100.0,100.0
958,8e-06,0.178,0.951,2.3e-05,8.52,85.0,100.0,100.0,100.0
959,8e-06,0.155,0.728,2.5e-05,8.32,81.7,100.0,100.0,100.0
960,8e-06,0.188,0.77,2.5e-05,8.26,83.3,100.0,100.0,100.0
961,8e-06,0.182,0.702,2.1e-05,6.73,90.0,100.0,100.0,100.0
962,8e-06,0.212,0.736,2.2e-05,6.99,88.3,100.0,100.0,100.0
963,8e-06,0.212,0.71,2.2e-05,7.72,86.7,100.0,100.0,100.0
964,8e-06,0.181,0.441,2.2e-05,6.7,91.7,100.0,100.0,100.0
965,8e-06,0.174,0.603,2.3e-05,7.43,90.0,100.0,100.0,100.0
966,8e-06,0.229,0.535,2.2e-05,6.71,90.0,100.0,100.0,100.0
967,8e-06,0.173,0.536,2.2e-05,6.5,86.7,100.0,100.0,100.0
968,8e-06,0.178,0.747,2.2e-05,7.45,88.3,100.0,100.0,100.0
969,8e-06,0.176,0.66,2.2e-05,7.06,88.3,100.0,100.0,100.0
970,8e-06,0.196,0.681,2.1e-05,6.45,93.3,100.0,100.0,100.0
971,8e-06,0.181,0.79,2.3e-05,7.21,90.0,100.0,100.0,100.0
972,8e-06,0.187,0.667,2.2e-05,7.51,86.7,100.0,100.0,100.0
973,8e-06,0.164,0.613,2.2e-05,6.8,86.7,100.0,100.0,100.0
974,7e-06,0.182,0.413,2.2e-05,7.15,90.0,100.0,100.0,100.0
975,7e-06,0.168,0.627,2.2e-05,6.97,86.7,100.0,100.0,100.0
976,8e-06,0.183,0.609,2.4e-05,8.22,85.0,98.3,100.0,100.0
977,7e-06,0.19,0.616,2.4e-05,7.87,88.3,100.0,100.0,100.0
978,7e-06,0.203,0.778,2.2e-05,6.98,88.3,100.0,100.0,100.0
979,8e-06,0.186,0.605,2.1e-05,6.07,90.0,100.0,100.0,100.0
980,7e-06,0.176,0.748,2.3e-05,7.86,88.3,100.0,100.0,100.0
981,8e-06,0.229,0.705,2.1e-05,7.04,91.7,100.0,100.0,100.0
982,7e-06,0.174,0.671,2.1e-05,6.83,93.3,100.0,100.0,100.0
983,8e-06,0.215,0.703,1.9e-05,6.24,91.7,100.0,100.0,100.0
984,8e-06,0.177,0.643,2.2e-05,7.48,88.3,100.0,100.0,100.0
985,7e-06,0.204,0.85,2.1e-05,7.43,93.3,100.0,100.0,100.0
986,7e-06,0.187,0.662,2.2e-05,6.56,93.3,100.0,100.0,100.0
987,7e-06,0.209,0.655,2.1e-05,5.97,95.0,100.0,100.0,100.0
988,7e-06,0.222,0.655,2.2e-05,6.4,91.7,100.0,100.0,100.0
989,7e-06,0.176,0.491,2.1e-05,6.64,91.7,100.0,100.0,100.0
990,7e-06,0.218,0.467,2.1e-05,6.26,91.7,100.0,100.0,100.0
991,7e-06,0.182,0.482,2.1e-05,7.49,86.7,100.0,100.0,100.0
992,7e-06,0.181,0.436,2.1e-05,7.15,88.3,100.0,100.0,100.0
993,7e-06,0.184,0.496,2e-05,6.7,90.0,100.0,100.0,100.0
994,7e-06,0.187,0.512,2e-05,5.91,95.0,100.0,100.0,100.0
995,7e-06,0.169,0.554,2.2e-05,7.11,88.3,100.0,100.0,100.0
996,7e-06,0.19,0.591,2.3e-05,7.34,91.7,100.0,100.0,100.0
997,7e-06,0.192,0.523,2.4e-05,6.88,88.3,100.0,100.0,100.0
998,7e-06,0.204,0.793,2.2e-05,7.0,90.0,100.0,100.0,100.0
999,1.1e-05,0.273,1.471,0.000103,760.42,66.7,90.0,95.0,95.0
1000,1.2e-05,0.336,0.944,4.7e-05,11.6,76.7,98.3,100.0,100.0
1001,1.1e-05,0.317,0.776,3.3e-05,9.15,88.3,96.7,100.0,100.0
1002,1.1e-05,0.23,0.682,2.2e-05,7.32,90.0,100.0,100.0,100.0
1003,1e-05,0.32,0.704,2.5e-05,8.34,85.0,100.0,100.0,100.0
1004,9e-06,0.221,0.74,2.2e-05,7.92,88.3,98.3,100.0,100.0
1005,9e-06,0.23,0.685,1.9e-05,4.98,95.0,100.0,100.0,100.0
1006,8e-06,0.221,0.862,1.8e-05,5.74,91.7,100.0,100.0,100.0
1007,8e-06,0.237,0.722,2e-05,6.35,90.0,100.0,100.0,100.0
1008,7e-06,0.198,0.778,2.1e-05,8.2,83.3,100.0,100.0,100.0
1009,7e-06,0.21,0.726,2e-05,6.3,90.0,100.0,100.0,100.0
1010,7e-06,0.186,0.711,1.9e-05,5.19,95.0,100.0,100.0,100.0
1011,8e-06,0.225,0.536,2.9e-05,7.52,90.0,98.3,100.0,100.0
1012,7e-06,0.243,0.756,3e-05,8.46,90.0,98.3,100.0,100.0
1013,8e-06,0.238,0.939,5.9e-05,19.6,58.3,95.0,100.0,100.0
1014,9e-06,0.227,0.747,2.7e-05,8.5,83.3,98.3,100.0,100.0
1015,8e-06,0.228,0.651,2.1e-05,7.16,88.3,100.0,100.0,100.0
1016,7e-06,0.209,0.669,1.9e-05,5.39,93.3,100.0,100.0,100.0
1017,8e-06,0.222,0.651,1.8e-05,6.15,91.7,100.0,100.0,100.0
1018,9e-06,0.24,0.66,2.1e-05,6.24,91.7,100.0,100.0,100.0
1019,7e-06,0.195,0.47,2.3e-05,8.6,80.0,100.0,100.0,100.0
1020,8e-06,0.199,0.534,2.1e-05,7.3,88.3,100.0,100.0,100.0
1021,7e-06,0.197,0.661,2e-05,5.69,93.3,100.0,100.0,100.0
1022,7e-06,0.193,0.536,1.8e-05,5.48,96.7,100.0,100.0,100.0
1023,7e-06,0.192,0.624,2.1e-05,6.35,90.0,100.0,100.0,100.0
1024,7e-06,0.198,0.507,1.9e-05,5.76,93.3,100.0,100.0,100.0
1025,7e-06,0.188,0.653,2e-05,5.96,93.3,100.0,100.0,100.0
1026,7e-06,0.174,0.596,2e-05,5.76,93.3,100.0,100.0,100.0
1027,7e-06,0.207,0.479,2e-05,6.53,91.7,100.0,100.0,100.0
1028,7e-06,0.208,0.399,2.1e-05,6.01,93.3,100.0,100.0,100.0
1029,6e-06,0.2,0.689,1.8e-05,5.42,95.0,100.0,100.0,100.0
1030,7e-06,0.195,0.72,2e-05,5.81,91.7,100.0,100.0,100.0
1031,6e-06,0.18,0.666,1.9e-05,5.57,95.0,100.0,100.0,100.0
1032,6e-06,0.191,0.499,1.9e-05,4.98,96.7,100.0,100.0,100.0
1033,6e-06,0.181,0.387,1.9e-05,5.11,96.7,100.0,100.0,100.0
1034,6e-06,0.179,0.629,1.9e-05,5.07,96.7,100.0,100.0,100.0
1035,6e-06,0.216,0.559,1.8e-05,5.79,90.0,100.0,100.0,100.0
1036,6e-06,0.206,0.612,1.9e-05,5.36,95.0,100.0,100.0,100.0
1037,6e-06,0.195,0.619,1.8e-05,5.26,95.0,100.0,100.0,100.0
1038,6e-06,0.2,0.69,1.7e-05,5.74,93.3,100.0,100.0,100.0
1039,6e-06,0.163,0.529,1.8e-05,5.63,96.7,100.0,100.0,100.0
1040,6e-06,0.164,0.557,1.8e-05,5.44,95.0,100.0,100.0,100.0
1041,6e-06,0.192,0.7,2e-05,6.74,90.0,100.0,100.0,100.0
1042,6e-06,0.187,0.606,2.1e-05,5.94,93.3,100.0,100.0,100.0
1043,6e-06,0.203,0.698,2e-05,5.74,93.3,100.0,100.0,100.0
1044,6e-06,0.175,0.704,2e-05,6.59,90.0,100.0,100.0,100.0
1045,6e-06,0.168,0.584,2.1e-05,6.38,93.3,100.0,100.0,100.0
1046,6e-06,0.182,0.48,2.1e-05,6.38,91.7,100.0,100.0,100.0
1047,6e-06,0.188,0.469,2.2e-05,6.53,91.7,100.0,100.0,100.0
1048,6e-06,0.207,0.686,2e-05,6.09,93.3,100.0,100.0,100.0
1049,6e-06,0.175,0.596,2e-05,5.27,96.7,100.0,100.0,100.0
1050,6e-06,0.188,0.555,1.9e-05,6.1,91.7,100.0,100.0,100.0
1051,6e-06,0.18,0.524,2e-05,5.96,91.7,100.0,100.0,100.0
1052,6e-06,0.164,0.699,1.9e-05,6.03,91.7,100.0,100.0,100.0
1053,6e-06,0.178,0.546,2e-05,5.96,96.7,100.0,100.0,100.0
1054,6e-06,0.213,0.56,2.1e-05,5.73,93.3,100.0,100.0,100.0
1055,6e-06,0.181,0.522,2e-05,5.92,91.7,100.0,100.0,100.0
1056,6e-06,0.191,0.459,2e-05,5.98,93.3,100.0,100.0,100.0
1057,6e-06,0.175,0.474,1.9e-05,6.59,90.0,100.0,100.0,100.0
1058,6e-06,0.164,0.573,1.9e-05,5.73,91.7,100.0,100.0,100.0
1059,6e-06,0.172,0.44,2.1e-05,7.01,91.7,100.0,100.0,100.0
1060,8e-06,0.182,0.645,8.4e-05,8.93,86.7,96.7,100.0,100.0
1061,9e-06,0.228,0.527,3.6e-05,7.94,85.0,100.0,100.0,100.0
1062,7e-06,0.243,0.755,2.5e-05,8.23,83.3,100.0,100.0,100.0
1063,6e-06,0.253,0.581,2.2e-05,7.01,88.3,100.0,100.0,100.0
1064,7e-06,0.202,0.761,2.2e-05,7.69,86.7,100.0,100.0,100.0
1065,7e-06,0.184,0.666,2.1e-05,7.0,81.7,100.0,100.0,100.0
1066,6e-06,0.206,0.741,1.9e-05,6.52,88.3,100.0,100.0,100.0
1067,6e-06,0.179,0.757,2.1e-05,6.1,90.0,100.0,100.0,100.0
1068,6e-06,0.185,0.663,2e-05,5.72,91.7,100.0,100.0,100.0
1069,6e-06,0.206,0.623,1.9e-05,5.95,91.7,100.0,100.0,100.0
1070,6e-06,0.199,0.624,2e-05,5.5,95.0,100.0,100.0,100.0
1071,6e-06,0.149,0.635,2.1e-05,7.03,86.7,100.0,100.0,100.0
1072,6e-06,0.182,0.486,2.1e-05,6.74,86.7,100.0,100.0,100.0
1073,5e-06,0.204,0.465,1.9e-05,5.79,91.7,100.0,100.0,100.0
1074,5e-06,0.189,0.562,2e-05,6.28,91.7,100.0,100.0,100.0
1075,5e-06,0.218,0.579,2.1e-05,6.07,91.7,100.0,100.0,100.0
1076,5e-06,0.184,0.686,2.1e-05,6.3,93.3,100.0,100.0,100.0
1077,5e-06,0.183,0.624,2e-05,5.98,93.3,100.0,100.0,100.0
1078,5e-06,0.166,0.565,2e-05,5.82,93.3,100.0,100.0,100.0
1079,5e-06,0.165,0.724,1.9e-05,5.45,93.3,100.0,100.0,100.0
1080,7e-06,0.216,0.535,2.7e-05,7.08,88.3,98.3,100.0,100.0
1081,7e-06,0.267,0.804,4e-05,9.02,81.7,98.3,100.0,100.0
1082,7e-06,0.222,0.71,2.2e-05,5.74,93.3,100.0,100.0,100.0
1083,7e-06,0.201,0.624,2e-05,6.8,90.0,100.0,100.0,100.0
1084,6e-06,0.221,0.484,2e-05,6.08,91.7,100.0,100.0,100.0
1085,6e-06,0.197,0.607,2e-05,5.52,95.0,100.0,100.0,100.0
1086,6e-06,0.224,0.522,1.9e-05,4.85,95.0,100.0,100.0,100.0
1087,5e-06,0.167,0.35,2e-05,5.85,91.7,100.0,100.0,100.0
1088,6e-06,0.186,0.415,1.8e-05,5.25,95.0,100.0,100.0,100.0
1089,5e-06,0.16,0.423,1.9e-05,5.83,93.3,100.0,100.0,100.0
1090,5e-06,0.186,0.551,1.7e-05,5.33,95.0,100.0,100.0,100.0
1091,5e-06,0.195,0.708,1.9e-05,5.6,95.0,100.0,100.0,100.0
1092,5e-06,0.225,0.603,1.9e-05,6.96,90.0,100.0,100.0,100.0
1093,5e-06,0.166,0.618,1.8e-05,5.97,93.3,100.0,100.0,100.0
1094,5e-06,0.169,0.609,2e-05,6.16,91.7,100.0,100.0,100.0
1095,5e-06,0.156,0.513,2e-05,6.34,93.3,100.0,100.0,100.0
1096,6e-06,0.174,0.588,1.9e-05,5.65,93.3,100.0,100.0,100.0
1097,5e-06,0.219,0.639,2e-05,6.53,90.0,100.0,100.0,100.0
1098,5e-06,0.194,0.535,1.8e-05,5.56,93.3,100.0,100.0,100.0
1099,5e-06,0.149,0.672,1.8e-05,5.77,91.7,100.0,100.0,100.0
1100,5e-06,0.201,0.553,1.8e-05,5.94,91.7,100.0,100.0,100.0
1101,5e-06,0.183,0.544,1.9e-05,6.57,93.3,100.0,100.0,100.0
1102,5e-06,0.158,0.548,2e-05,6.95,88.3,100.0,100.0,100.0
1103,5e-06,0.215,0.691,1.7e-05,6.13,91.7,100.0,100.0,100.0
1104,5e-06,0.212,0.461,1.9e-05,6.75,86.7,100.0,100.0,100.0
1105,5e-06,0.185,0.765,1.9e-05,6.77,86.7,100.0,100.0,100.0
1106,5e-06,0.193,0.601,1.9e-05,5.03,91.7,100.0,100.0,100.0
1107,5e-06,0.157,0.742,1.7e-05,5.31,93.3,100.0,100.0,100.0
1108,5e-06,0.189,0.692,1.8e-05,5.53,95.0,100.0,100.0,100.0
1109,5e-06,0.19,0.588,1.9e-05,5.1,95.0,100.0,100.0,100.0
1110,5e-06,0.195,0.658,1.8e-05,5.68,93.3,100.0,100.0,100.0
1111,5e-06,0.185,0.536,1.9e-05,6.03,91.7,100.0,100.0,100.0
1112,5e-06,0.184,0.589,1.8e-05,6.48,90.0,100.0,100.0,100.0
1113,5e-06,0.173,0.678,2e-05,6.16,91.7,100.0,100.0,100.0
1114,5e-06,0.19,0.541,1.8e-05,5.68,93.3,100.0,100.0,100.0
1115,5e-06,0.157,0.666,1.8e-05,5.78,91.7,100.0,100.0,100.0
1116,5e-06,0.154,0.479,1.8e-05,5.67,91.7,100.0,100.0,100.0
1117,5e-06,0.177,0.501,2e-05,6.9,88.3,100.0,100.0,100.0
1118,5e-06,0.163,0.413,1.9e-05,5.39,95.0,100.0,100.0,100.0
1119,5e-06,0.177,0.491,2e-05,6.41,91.7,100.0,100.0,100.0
1120,5e-06,0.184,0.503,1.9e-05,5.69,95.0,100.0,100.0,100.0
1121,5e-06,0.188,0.557,1.8e-05,5.46,95.0,100.0,100.0,100.0
1122,5e-06,0.194,0.535,2e-05,6.31,93.3,100.0,100.0,100.0
1123,5e-06,0.191,0.629,1.9e-05,6.24,91.7,100.0,100.0,100.0
1124,4e-06,0.158,0.514,1.9e-05,5.85,93.3,100.0,100.0,100.0
1125,5e-06,0.159,0.593,1.8e-05,6.01,91.7,100.0,100.0,100.0
1126,5e-06,0.184,0.584,1.9e-05,5.42,93.3,100.0,100.0,100.0
1127,5e-06,0.171,0.605,1.8e-05,6.18,91.7,100.0,100.0,100.0
1128,4e-06,0.176,0.635,1.8e-05,5.98,91.7,100.0,100.0,100.0
1129,4e-06,0.176,0.547,1.8e-05,6.31,91.7,100.0,100.0,100.0
1130,4e-06,0.176,0.51,1.9e-05,6.35,93.3,100.0,100.0,100.0
1131,4e-06,0.195,0.55,2.1e-05,6.63,91.7,100.0,100.0,100.0
1132,5e-06,0.176,0.566,1.8e-05,6.28,90.0,100.0,100.0,100.0
1133,4e-06,0.141,0.445,1.9e-05,6.3,90.0,100.0,100.0,100.0
1134,4e-06,0.191,0.394,1.8e-05,5.97,90.0,100.0,100.0,100.0
1135,4e-06,0.181,0.588,1.8e-05,5.57,91.7,100.0,100.0,100.0
1136,4e-06,0.165,0.627,1.9e-05,5.83,91.7,100.0,100.0,100.0
1137,4e-06,0.196,0.581,1.7e-05,5.77,91.7,100.0,100.0,100.0
1138,4e-06,0.176,0.524,1.9e-05,6.65,88.3,100.0,100.0,100.0
1139,5e-06,0.181,0.662,1.8e-05,5.61,93.3,100.0,100.0,100.0
1140,4e-06,0.174,0.655,1.8e-05,5.71,93.3,100.0,100.0,100.0
1141,4e-06,0.178,0.676,1.8e-05,5.74,93.3,100.0,100.0,100.0
1142,5e-06,0.171,0.603,2e-05,6.35,90.0,100.0,100.0,100.0
1143,4e-06,0.149,0.518,1.8e-05,6.4,91.7,100.0,100.0,100.0
1144,4e-06,0.174,0.56,1.8e-05,5.65,93.3,100.0,100.0,100.0
1145,5e-06,0.18,0.558,1.9e-05,5.93,93.3,100.0,100.0,100.0
1146,4e-06,0.177,0.603,2e-05,6.42,91.7,100.0,100.0,100.0
1147,5e-06,0.17,0.784,1.8e-05,6.27,91.7,100.0,100.0,100.0
1148,4e-06,0.164,0.52,1.9e-05,6.48,91.7,100.0,100.0,100.0
1149,4e-06,0.169,0.55,1.8e-05,6.58,91.7,100.0,100.0,100.0
1150,4e-06,0.162,0.557,1.7e-05,5.31,95.0,100.0,100.0,100.0
1151,4e-06,0.151,0.609,1.7e-05,5.32,95.0,100.0,100.0,100.0
1152,4e-06,0.184,0.521,1.8e-05,6.08,93.3,100.0,100.0,100.0
1153,4e-06,0.138,0.486,1.8e-05,6.22,90.0,100.0,100.0,100.0
1154,4e-06,0.158,0.434,1.8e-05,6.88,86.7,100.0,100.0,100.0
1155,4e-06,0.161,0.605,1.9e-05,6.6,90.0,100.0,100.0,100.0
1156,4e-06,0.183,0.654,1.8e-05,6.22,91.7,100.0,100.0,100.0
1157,4e-06,0.163,0.678,1.9e-05,6.22,91.7,100.0,100.0,100.0
1158,4e-06,0.169,0.705,2e-05,6.23,91.7,100.0,100.0,100.0
1159,4e-06,0.172,0.608,1.8e-05,6.09,91.7,100.0,100.0,100.0
1160,4e-06,0.162,0.5,1.9e-05,6.59,90.0,100.0,100.0,100.0
1161,4e-06,0.189,0.676,1.8e-05,6.34,91.7,100.0,100.0,100.0
1162,4e-06,0.141,0.565,1.7e-05,6.21,90.0,100.0,100.0,100.0
1163,4e-06,0.165,0.562,1.8e-05,6.89,88.3,100.0,100.0,100.0
1164,4e-06,0.155,0.437,1.8e-05,5.67,93.3,100.0,100.0,100.0
1165,4e-06,0.181,0.525,1.8e-05,6.02,93.3,100.0,100.0,100.0
1166,4e-06,0.158,0.479,1.9e-05,6.7,90.0,100.0,100.0,100.0
1167,4e-06,0.15,0.572,1.9e-05,6.31,91.7,100.0,100.0,100.0
1168,4e-06,0.159,0.51,1.7e-05,6.19,93.3,100.0,100.0,100.0
1169,4e-06,0.154,0.503,1.6e-05,5.62,93.3,100.0,100.0,100.0
1170,4e-06,0.134,0.577,1.5e-05,5.88,93.3,100.0,100.0,100.0
1171,4e-06,0.16,0.537,1.7e-05,6.16,91.7,100.0,100.0,100.0
1172,4e-06,0.155,0.462,1.8e-05,6.35,91.7,100.0,100.0,100.0
1173,4e-06,0.209,0.499,1.7e-05,5.05,95.0,100.0,100.0,100.0
1174,4e-06,0.157,0.607,1.8e-05,6.37,91.7,100.0,100.0,100.0
1175,4e-06,0.184,0.631,1.8e-05,5.77,93.3,100.0,100.0,100.0
1176,4e-06,0.16,0.623,1.8e-05,5.63,91.7,100.0,100.0,100.0
1177,4e-06,0.176,0.483,1.9e-05,6.03,91.7,100.0,100.0,100.0
1178,4e-06,0.186,0.509,1.8e-05,5.24,91.7,100.0,100.0,100.0
1179,4e-06,0.173,0.623,1.8e-05,6.68,88.3,100.0,100.0,100.0
1180,4e-06,0.182,0.607,1.8e-05,5.63,93.3,100.0,100.0,100.0
1181,4e-06,0.163,0.56,1.9e-05,5.62,91.7,100.0,100.0,100.0
1182,4e-06,0.163,0.587,1.8e-05,5.77,91.7,100.0,100.0,100.0
1183,4e-06,0.175,0.627,1.7e-05,5.97,90.0,100.0,100.0,100.0
1184,4e-06,0.189,0.532,1.7e-05,6.27,88.3,100.0,100.0,100.0
1185,4e-06,0.178,0.548,1.8e-05,6.81,91.7,100.0,100.0,100.0
1186,4e-06,0.189,0.522,1.6e-05,5.45,95.0,100.0,100.0,100.0
1187,4e-06,0.176,0.583,1.6e-05,4.97,95.0,100.0,100.0,100.0
1188,4e-06,0.163,0.637,1.6e-05,5.22,93.3,100.0,100.0,100.0
1189,4e-06,0.156,0.614,1.8e-05,6.51,90.0,100.0,100.0,100.0
1190,4e-06,0.168,0.567,1.7e-05,5.85,91.7,100.0,100.0,100.0
1191,4e-06,0.16,0.574,1.8e-05,6.52,88.3,100.0,100.0,100.0
1192,4e-06,0.132,0.674,1.8e-05,5.84,91.7,100.0,100.0,100.0
1193,4e-06,0.146,0.58,1.8e-05,6.7,90.0,100.0,100.0,100.0
1194,4e-06,0.149,0.434,1.7e-05,5.6,93.3,100.0,100.0,100.0
1195,4e-06,0.167,0.439,1.8e-05,5.86,90.0,100.0,100.0,100.0
1196,4e-06,0.163,0.458,1.8e-05,6.55,90.0,100.0,100.0,100.0
1197,4e-06,0.177,0.52,1.8e-05,6.12,91.7,100.0,100.0,100.0
1198,4e-06,0.157,0.538,1.7e-05,5.44,93.3,100.0,100.0,100.0
1199,4e-06,0.156,0.631,1.7e-05,6.09,91.7,100.0,100.0,100.0
1200,4e-06,0.145,0.587,1.9e-05,6.23,91.7,98.3,100.0,100.0
1201,4e-06,0.167,0.655,1.8e-05,6.08,91.7,100.0,100.0,100.0
1202,4e-06,0.184,0.674,4.4e-05,11.26,81.7,96.7,100.0,100.0
1203,5e-06,0.209,0.634,1.9e-05,7.12,88.3,98.3,100.0,100.0
1204,6e-06,0.214,0.783,3.4e-05,9.67,80.0,98.3,100.0,100.0
1205,5e-06,0.2,0.717,2.2e-05,5.79,91.7,100.0,100.0,100.0
1206,5e-06,0.233,0.685,2e-05,6.59,90.0,100.0,100.0,100.0
1207,4e-06,0.184,0.627,1.9e-05,6.1,93.3,100.0,100.0,100.0
1208,4e-06,0.162,0.599,1.9e-05,5.93,93.3,100.0,100.0,100.0
1209,4e-06,0.171,0.672,2.2e-05,7.44,88.3,100.0,100.0,100.0
1210,4e-06,0.176,0.841,2e-05,7.03,90.0,100.0,100.0,100.0
1211,4e-06,0.203,0.675,1.8e-05,6.5,91.7,100.0,100.0,100.0
1212,4e-06,0.192,0.743,1.9e-05,6.84,91.7,98.3,100.0,100.0
1213,4e-06,0.171,0.512,1.8e-05,5.6,91.7,100.0,100.0,100.0
1214,4e-06,0.173,0.674,1.8e-05,6.32,91.7,98.3,100.0,100.0
1215,4e-06,0.17,0.721,1.8e-05,6.13,88.3,100.0,100.0,100.0
1216,4e-06,0.182,0.639,1.9e-05,6.31,90.0,100.0,100.0,100.0
1217,4e-06,0.169,0.623,2e-05,5.88,91.7,100.0,100.0,100.0
1218,4e-06,0.176,0.582,1.9e-05,6.45,91.7,100.0,100.0,100.0
1219,5e-06,0.196,0.651,2e-05,5.83,93.3,100.0,100.0,100.0
1220,4e-06,0.204,0.634,2.1e-05,6.32,93.3,100.0,100.0,100.0
1221,4e-06,0.178,0.713,1.9e-05,7.74,90.0,98.3,100.0,100.0
1222,4e-06,0.186,0.662,1.8e-05,7.34,86.7,98.3,100.0,100.0
1223,4e-06,0.178,0.739,1.9e-05,7.18,88.3,98.3,100.0,100.0
1224,3e-06,0.159,0.686,1.9e-05,6.31,90.0,100.0,100.0,100.0
1225,4e-06,0.169,0.605,1.8e-05,5.58,93.3,100.0,100.0,100.0
1226,4e-06,0.16,0.608,1.8e-05,5.61,91.7,100.0,100.0,100.0
1227,4e-06,0.161,0.603,1.7e-05,5.58,95.0,100.0,100.0,100.0
1228,4e-06,0.132,0.568,1.8e-05,5.53,91.7,100.0,100.0,100.0
1229,4e-06,0.201,0.527,1.7e-05,5.78,91.7,100.0,100.0,100.0
1230,4e-06,0.198,0.552,1.7e-05,5.95,91.7,100.0,100.0,100.0
1231,3e-06,0.153,0.689,1.7e-05,5.85,93.3,100.0,100.0,100.0
1232,4e-06,0.167,0.653,1.8e-05,6.13,91.7,100.0,100.0,100.0
1233,3e-06,0.152,0.621,1.8e-05,6.93,91.7,100.0,100.0,100.0
1234,4e-06,0.188,0.571,1.8e-05,6.51,91.7,100.0,100.0,100.0
1235,4e-06,0.153,0.483,1.9e-05,7.66,88.3,98.3,100.0,100.0
1236,4e-06,0.167,0.518,1.7e-05,5.91,91.7,100.0,100.0,100.0
1237,4e-06,0.171,0.569,1.7e-05,5.71,93.3,100.0,100.0,100.0
1238,3e-06,0.144,0.687,1.7e-05,6.71,88.3,100.0,100.0,100.0
1239,3e-06,0.176,0.465,1.7e-05,5.57,91.7,100.0,100.0,100.0
1240,3e-06,0.163,0.583,1.7e-05,5.31,93.3,100.0,100.0,100.0
1241,3e-06,0.125,0.533,1.7e-05,5.46,91.7,100.0,100.0,100.0
1242,3e-06,0.168,0.404,1.7e-05,6.11,91.7,100.0,100.0,100.0
1243,3e-06,0.166,0.548,1.7e-05,5.94,91.7,100.0,100.0,100.0
1244,3e-06,0.139,0.572,1.7e-05,6.21,90.0,100.0,100.0,100.0
1245,3e-06,0.164,0.6,1.7e-05,6.1,90.0,100.0,100.0,100.0
1246,3e-06,0.155,0.558,1.8e-05,5.74,93.3,100.0,100.0,100.0
1247,4e-06,0.177,0.579,1.7e-05,5.54,93.3,100.0,100.0,100.0
1248,3e-06,0.155,0.601,1.8e-05,5.92,91.7,100.0,100.0,100.0
1249,4e-06,0.171,0.459,1.9e-05,5.46,91.7,100.0,100.0,100.0
1250,3e-06,0.15,0.671,1.7e-05,5.8,91.7,100.0,100.0,100.0
1251,3e-06,0.175,0.533,1.6e-05,5.0,95.0,100.0,100.0,100.0
1252,3e-06,0.203,0.626,1.6e-05,5.99,91.7,100.0,100.0,100.0
1253,3e-06,0.17,0.54,1.7e-05,6.13,90.0,100.0,100.0,100.0
1254,3e-06,0.153,0.734,1.8e-05,5.95,91.7,100.0,100.0,100.0
1255,3e-06,0.153,0.648,1.7e-05,5.84,91.7,100.0,100.0,100.0
1256,3e-06,0.148,0.635,1.6e-05,5.4,95.0,100.0,100.0,100.0
1257,3e-06,0.149,0.496,1.8e-05,6.56,91.7,100.0,100.0,100.0
1258,3e-06,0.174,0.57,1.7e-05,6.06,90.0,100.0,100.0,100.0
1259,3e-06,0.157,0.659,1.6e-05,5.77,90.0,100.0,100.0,100.0
1260,3e-06,0.149,0.531,1.7e-05,5.84,93.3,100.0,100.0,100.0
1261,3e-06,0.133,0.448,1.7e-05,5.72,91.7,100.0,100.0,100.0
1262,3e-06,0.161,0.594,1.7e-05,6.04,93.3,100.0,100.0,100.0
1263,3e-06,0.13,0.603,1.7e-05,6.33,91.7,100.0,100.0,100.0
1264,3e-06,0.126,0.6,1.6e-05,5.99,91.7,100.0,100.0,100.0
1265,3e-06,0.142,0.711,1.6e-05,5.48,95.0,100.0,100.0,100.0
1266,3e-06,0.138,0.622,1.7e-05,6.24,91.7,100.0,100.0,100.0
1267,3e-06,0.154,0.626,1.7e-05,6.49,88.3,100.0,100.0,100.0
1268,3e-06,0.147,0.605,1.8e-05,6.54,90.0,100.0,100.0,100.0
1269,3e-06,0.155,0.653,1.8e-05,5.84,90.0,100.0,100.0,100.0
1270,3e-06,0.179,0.579,1.8e-05,6.06,91.7,100.0,100.0,100.0
1271,3e-06,0.143,0.638,1.7e-05,6.47,90.0,100.0,100.0,100.0
1272,3e-06,0.158,0.609,1.7e-05,6.4,90.0,100.0,100.0,100.0
1273,3e-06,0.134,0.587,1.8e-05,6.4,91.7,100.0,100.0,100.0
1274,3e-06,0.161,0.599,1.7e-05,6.24,90.0,100.0,100.0,100.0
1275,3e-06,0.151,0.493,1.6e-05,5.84,91.7,100.0,100.0,100.0
1276,3e-06,0.167,0.634,1.8e-05,7.14,88.3,98.3,100.0,100.0
1277,3e-06,0.169,0.5,1.8e-05,7.01,88.3,100.0,100.0,100.0
1278,3e-06,0.159,0.565,1.8e-05,7.22,88.3,100.0,100.0,100.0
1279,3e-06,0.163,0.485,1.7e-05,5.38,91.7,100.0,100.0,100.0
1280,3e-06,0.15,0.548,1.7e-05,5.18,93.3,100.0,100.0,100.0
1281,3e-06,0.166,0.484,1.7e-05,5.51,93.3,100.0,100.0,100.0
1282,3e-06,0.156,0.575,1.7e-05,5.52,91.7,100.0,100.0,100.0
1283,3e-06,0.143,0.575,1.6e-05,5.98,91.7,100.0,100.0,100.0
1284,3e-06,0.172,0.598,1.6e-05,5.87,91.7,100.0,100.0,100.0
1285,3e-06,0.158,0.647,1.7e-05,6.25,90.0,100.0,100.0,100.0
1286,3e-06,0.15,0.582,1.6e-05,5.76,91.7,100.0,100.0,100.0
1287,3e-06,0.132,0.698,1.6e-05,5.66,93.3,100.0,100.0,100.0
1288,4e-06,0.153,0.569,4e-05,13.17,81.7,95.0,100.0,100.0
1289,5e-06,0.237,1.673,4.6e-05,171.33,83.3,98.3,98.3,98.3
1290,4e-06,0.215,0.794,1.9e-05,6.74,88.3,100.0,100.0,100.0
1291,3e-06,0.179,0.675,1.9e-05,7.14,88.3,100.0,100.0,100.0
1292,4e-06,0.199,0.659,1.8e-05,5.78,93.3,100.0,100.0,100.0
1293,3e-06,0.148,0.726,1.8e-05,6.13,91.7,100.0,100.0,100.0
1294,3e-06,0.138,0.614,1.9e-05,6.17,93.3,100.0,100.0,100.0
1295,3e-06,0.182,0.664,1.9e-05,6.04,91.7,100.0,100.0,100.0
1296,3e-06,0.154,0.735,1.8e-05,6.1,93.3,100.0,100.0,100.0
1297,3e-06,0.181,0.635,1.7e-05,5.58,93.3,100.0,100.0,100.0
1298,3e-06,0.142,0.589,1.8e-05,6.19,93.3,100.0,100.0,100.0
1299,3e-06,0.164,0.641,1.7e-05,6.57,91.7,100.0,100.0,100.0
1300,3e-06,0.144,0.724,1.9e-05,6.62,91.7,100.0,100.0,100.0
1301,3e-06,0.166,0.684,1.8e-05,6.01,93.3,100.0,100.0,100.0
1302,3e-06,0.187,0.745,1.8e-05,6.87,88.3,100.0,100.0,100.0
1303,3e-06,0.174,0.672,1.7e-05,5.47,93.3,100.0,100.0,100.0
1304,3e-06,0.168,0.684,1.6e-05,5.58,93.3,100.0,100.0,100.0
1305,3e-06,0.151,0.705,1.7e-05,6.36,90.0,100.0,100.0,100.0
1306,3e-06,0.16,0.7,1.8e-05,6.74,91.7,98.3,100.0,100.0
1307,3e-06,0.142,0.681,1.8e-05,6.1,91.7,100.0,100.0,100.0
1308,3e-06,0.144,0.693,1.8e-05,6.1,93.3,100.0,100.0,100.0
1309,3e-06,0.183,0.795,1.8e-05,5.81,91.7,100.0,100.0,100.0
1310,3e-06,0.172,0.709,1.8e-05,5.88,93.3,100.0,100.0,100.0
1311,3e-06,0.143,0.598,1.6e-05,5.51,95.0,100.0,100.0,100.0
1312,3e-06,0.146,0.681,1.7e-05,5.44,95.0,100.0,100.0,100.0
1313,3e-06,0.16,0.646,1.6e-05,5.9,93.3,100.0,100.0,100.0
1314,3e-06,0.128,0.609,1.7e-05,5.86,93.3,100.0,100.0,100.0
1315,3e-06,0.143,0.683,1.7e-05,6.34,91.7,100.0,100.0,100.0
1316,3e-06,0.125,0.755,1.7e-05,6.29,91.7,100.0,100.0,100.0
1317,3e-06,0.144,0.744,1.7e-05,6.15,91.7,100.0,100.0,100.0
1318,3e-06,0.141,0.627,1.7e-05,5.68,95.0,100.0,100.0,100.0
1319,3e-06,0.162,0.666,1.8e-05,5.6,95.0,100.0,100.0,100.0
1320,3e-06,0.167,0.685,1.8e-05,5.99,93.3,100.0,100.0,100.0
1321,2e-06,0.14,0.559,1.8e-05,6.23,90.0,100.0,100.0,100.0
1322,3e-06,0.132,0.644,1.8e-05,6.58,91.7,100.0,100.0,100.0
1323,2e-06,0.129,0.736,1.8e-05,6.64,91.7,100.0,100.0,100.0
1324,3e-06,0.147,0.676,1.7e-05,6.59,90.0,100.0,100.0,100.0
1325,3e-06,0.14,0.671,1.6e-05,5.96,93.3,100.0,100.0,100.0
1326,3e-06,0.135,0.679,1.7e-05,6.15,93.3,100.0,100.0,100.0
1327,3e-06,0.157,0.684,1.6e-05,6.1,93.3,100.0,100.0,100.0
1328,3e-06,0.154,0.752,1.7e-05,5.93,93.3,100.0,100.0,100.0
1329,3e-06,0.143,0.591,1.6e-05,5.99,93.3,100.0,100.0,100.0
1330,3e-06,0.148,0.5,1.8e-05,6.7,91.7,100.0,100.0,100.0
1331,3e-06,0.182,0.559,1.9e-05,6.6,90.0,100.0,100.0,100.0
1332,3e-06,0.15,0.573,1.7e-05,5.96,93.3,100.0,100.0,100.0
1333,3e-06,0.143,0.567,1.6e-05,5.75,95.0,100.0,100.0,100.0
1334,3e-06,0.134,0.579,1.7e-05,5.54,95.0,100.0,100.0,100.0
1335,3e-06,0.16,0.557,1.7e-05,6.48,93.3,100.0,100.0,100.0
1336,2e-06,0.141,0.628,1.7e-05,6.11,93.3,100.0,100.0,100.0
1337,3e-06,0.131,0.664,1.7e-05,5.16,93.3,100.0,100.0,100.0
1338,3e-06,0.149,0.634,1.7e-05,5.69,91.7,100.0,100.0,100.0
1339,2e-06,0.151,0.458,1.7e-05,5.46,93.3,100.0,100.0,100.0
1340,2e-06,0.139,0.544,1.6e-05,5.79,93.3,100.0,100.0,100.0
1341,3e-06,0.138,0.568,1.7e-05,5.4,95.0,100.0,100.0,100.0
1342,2e-06,0.139,0.612,1.7e-05,6.09,93.3,100.0,100.0,100.0
1343,3e-06,0.156,0.571,1.6e-05,6.27,93.3,100.0,100.0,100.0
1344,2e-06,0.147,0.553,1.6e-05,5.79,93.3,100.0,100.0,100.0
1345,3e-06,0.144,0.645,1.7e-05,6.37,93.3,100.0,100.0,100.0
1346,3e-06,0.161,0.51,1.8e-05,6.38,91.7,100.0,100.0,100.0
1347,3e-06,0.151,0.561,1.6e-05,5.91,93.3,100.0,100.0,100.0
1348,2e-06,0.153,0.638,1.6e-05,6.28,91.7,100.0,100.0,100.0
1349,3e-06,0.166,0.534,1.6e-05,5.58,93.3,100.0,100.0,100.0
1350,3e-06,0.154,0.496,1.7e-05,5.65,93.3,100.0,100.0,100.0
1351,3e-06,0.139,0.501,1.7e-05,6.49,90.0,100.0,100.0,100.0
1352,3e-06,0.151,0.56,1.6e-05,5.75,93.3,100.0,100.0,100.0
1353,3e-06,0.147,0.654,1.8e-05,6.19,91.7,100.0,100.0,100.0
1354,3e-06,0.153,0.61,1.6e-05,5.0,93.3,100.0,100.0,100.0
1355,3e-06,0.183,0.637,2.1e-05,7.39,86.7,100.0,100.0,100.0
1356,3e-06,0.152,0.477,1.7e-05,5.95,91.7,100.0,100.0,100.0
1357,2e-06,0.168,0.562,1.6e-05,5.85,91.7,100.0,100.0,100.0
1358,2e-06,0.143,0.55,1.5e-05,5.39,91.7,100.0,100.0,100.0
1359,2e-06,0.161,0.448,1.6e-05,5.35,93.3,100.0,100.0,100.0
1360,3e-06,0.159,0.617,1.6e-05,5.72,91.7,100.0,100.0,100.0
1361,3e-06,0.157,0.6,1.6e-05,6.3,91.7,100.0,100.0,100.0
1362,3e-06,0.141,0.638,1.6e-05,6.19,91.7,100.0,100.0,100.0
1363,2e-06,0.147,0.607,1.6e-05,6.07,91.7,100.0,100.0,100.0
1364,2e-06,0.128,0.498,1.6e-05,6.1,88.3,100.0,100.0,100.0
1365,3e-06,0.148,0.625,1.6e-05,5.66,93.3,100.0,100.0,100.0
1366,2e-06,0.136,0.573,1.6e-05,4.99,93.3,100.0,100.0,100.0
1367,2e-06,0.129,0.471,1.6e-05,5.29,93.3,100.0,100.0,100.0
1368,3e-06,0.166,0.55,1.6e-05,5.91,91.7,100.0,100.0,100.0
1369,2e-06,0.152,0.546,1.8e-05,5.97,90.0,100.0,100.0,100.0
1370,2e-06,0.147,0.573,1.6e-05,5.08,93.3,100.0,100.0,100.0
1371,2e-06,0.134,0.615,1.7e-05,5.26,91.7,100.0,100.0,100.0
1372,3e-06,0.156,0.542,1.6e-05,5.53,93.3,100.0,100.0,100.0
1373,2e-06,0.151,0.631,1.5e-05,5.19,91.7,100.0,100.0,100.0
1374,3e-06,0.154,0.601,1.6e-05,5.75,91.7,100.0,100.0,100.0
1375,2e-06,0.159,0.648,1.6e-05,5.5,91.7,100.0,100.0,100.0
1376,2e-06,0.156,0.612,1.6e-05,5.73,91.7,100.0,100.0,100.0
1377,2e-06,0.145,0.6,1.5e-05,5.78,91.7,100.0,100.0,100.0
1378,2e-06,0.155,0.509,1.5e-05,5.13,93.3,100.0,100.0,100.0
1379,2e-06,0.144,0.565,1.6e-05,5.87,91.7,100.0,100.0,100.0
1380,2e-06,0.152,0.626,1.6e-05,5.56,91.7,100.0,100.0,100.0
1381,2e-06,0.151,0.584,1.5e-05,5.1,93.3,100.0,100.0,100.0
1382,3e-06,0.154,0.547,1.6e-05,5.69,91.7,100.0,100.0,100.0
1383,2e-06,0.135,0.567,1.7e-05,6.19,90.0,100.0,100.0,100.0
1384,2e-06,0.128,0.652,1.6e-05,5.5,90.0,100.0,100.0,100.0
1385,2e-06,0.127,0.637,1.6e-05,5.88,91.7,100.0,100.0,100.0
1386,2e-06,0.15,0.661,1.7e-05,4.97,95.0,100.0,100.0,100.0
1387,2e-06,0.159,0.562,1.5e-05,5.23,91.7,100.0,100.0,100.0
1388,2e-06,0.153,0.764,1.6e-05,6.19,90.0,100.0,100.0,100.0
1389,2e-06,0.131,0.634,1.7e-05,5.29,91.7,100.0,100.0,100.0
1390,2e-06,0.164,0.667,1.6e-05,5.56,91.7,100.0,100.0,100.0
1391,3e-06,0.151,0.597,1.7e-05,5.66,90.0,100.0,100.0,100.0
1392,2e-06,0.167,0.639,1.6e-05,5.28,91.7,100.0,100.0,100.0
1393,2e-06,0.123,0.653,1.6e-05,5.16,91.7,100.0,100.0,100.0
1394,2e-06,0.14,0.657,1.5e-05,4.98,91.7,100.0,100.0,100.0
1395,2e-06,0.15,0.656,1.7e-05,5.69,93.3,100.0,100.0,100.0
1396,3e-06,0.178,0.601,1.6e-05,5.07,93.3,100.0,100.0,100.0
1397,2e-06,0.157,0.686,1.8e-05,5.42,93.3,100.0,100.0,100.0
1398,2e-06,0.132,0.665,1.6e-05,5.3,91.7,100.0,100.0,100.0
1399,2e-06,0.134,0.717,1.7e-05,5.89,91.7,100.0,100.0,100.0
1400,2e-06,0.148,0.645,1.7e-05,5.88,93.3,100.0,100.0,100.0
1401,2e-06,0.146,0.656,1.6e-05,5.38,93.3,100.0,100.0,100.0
1402,2e-06,0.15,0.588,1.7e-05,5.26,91.7,100.0,100.0,100.0
1403,3e-06,0.139,0.637,1.6e-05,4.79,93.3,100.0,100.0,100.0
1404,2e-06,0.15,0.569,1.8e-05,5.55,91.7,100.0,100.0,100.0
1405,2e-06,0.165,0.566,1.7e-05,5.6,93.3,100.0,100.0,100.0
1406,2e-06,0.148,0.675,1.6e-05,5.25,93.3,100.0,100.0,100.0
1407,2e-06,0.15,0.521,1.7e-05,5.63,93.3,100.0,100.0,100.0
1408,2e-06,0.173,0.552,1.7e-05,5.33,95.0,100.0,100.0,100.0
1409,2e-06,0.151,0.708,1.7e-05,5.72,93.3,100.0,100.0,100.0
1410,3e-06,0.149,0.478,1.7e-05,4.95,95.0,100.0,100.0,100.0
1411,3e-06,0.13,0.599,1.6e-05,5.52,91.7,100.0,100.0,100.0
1412,2e-06,0.139,0.653,1.7e-05,5.67,91.7,100.0,100.0,100.0
1413,2e-06,0.135,0.665,1.6e-05,5.66,93.3,100.0,100.0,100.0
1414,2e-06,0.155,0.705,1.6e-05,6.16,93.3,100.0,100.0,100.0
1415,2e-06,0.141,0.63,1.8e-05,6.28,91.7,100.0,100.0,100.0
1416,2e-06,0.147,0.6,1.6e-05,5.94,93.3,100.0,100.0,100.0
1417,2e-06,0.13,0.563,1.6e-05,4.76,95.0,100.0,100.0,100.0
1418,2e-06,0.14,0.585,1.5e-05,4.94,93.3,100.0,100.0,100.0
1419,2e-06,0.132,0.49,1.5e-05,4.72,95.0,100.0,100.0,100.0
1420,2e-06,0.156,0.549,1.5e-05,5.72,93.3,100.0,100.0,100.0
1421,2e-06,0.139,0.634,1.6e-05,5.04,95.0,100.0,100.0,100.0
1422,2e-06,0.155,0.591,1.6e-05,5.46,93.3,100.0,100.0,100.0
1423,2e-06,0.144,0.562,1.6e-05,5.71,93.3,100.0,100.0,100.0
1424,2e-06,0.142,0.473,1.5e-05,5.25,95.0,100.0,100.0,100.0
1425,2e-06,0.149,0.598,1.5e-05,6.0,91.7,100.0,100.0,100.0
1426,2e-06,0.15,0.475,1.6e-05,5.33,93.3,100.0,100.0,100.0
1427,2e-06,0.13,0.571,1.5e-05,5.62,90.0,100.0,100.0,100.0
1428,2e-06,0.146,0.515,1.6e-05,5.74,93.3,100.0,100.0,100.0
1429,2e-06,0.147,0.607,1.6e-05,6.05,91.7,100.0,100.0,100.0
1430,2e-06,0.143,0.559,1.6e-05,5.7,93.3,100.0,100.0,100.0
1431,2e-06,0.121,0.547,1.5e-05,5.48,95.0,100.0,100.0,100.0
1432,2e-06,0.14,0.503,1.6e-05,5.85,91.7,100.0,100.0,100.0
1433,2e-06,0.141,0.609,1.5e-05,5.84,91.7,100.0,100.0,100.0
1434,2e-06,0.121,0.545,1.5e-05,5.24,91.7,100.0,100.0,100.0
1435,2e-06,0.139,0.532,1.5e-05,5.04,91.7,100.0,100.0,100.0
1436,2e-06,0.135,0.509,1.5e-05,4.76,93.3,100.0,100.0,100.0
1437,2e-06,0.118,0.431,1.5e-05,4.83,93.3,100.0,100.0,100.0
1438,2e-06,0.137,0.551,1.5e-05,5.29,93.3,100.0,100.0,100.0
1439,2e-06,0.167,0.51,1.6e-05,5.06,93.3,100.0,100.0,100.0
1440,2e-06,0.139,0.592,1.5e-05,5.66,91.7,100.0,100.0,100.0
1441,2e-06,0.123,0.511,1.6e-05,5.01,95.0,100.0,100.0,100.0
1442,2e-06,0.139,0.522,1.5e-05,5.24,91.7,100.0,100.0,100.0
1443,2e-06,0.14,0.662,1.6e-05,6.14,88.3,100.0,100.0,100.0
1444,2e-06,0.14,0.577,1.6e-05,5.23,95.0,100.0,100.0,100.0
1445,2e-06,0.174,0.579,1.5e-05,4.84,93.3,100.0,100.0,100.0
1446,2e-06,0.13,0.6,1.6e-05,5.63,93.3,100.0,100.0,100.0
1447,2e-06,0.149,0.609,1.6e-05,4.86,93.3,100.0,100.0,100.0
1448,2e-06,0.152,0.584,1.7e-05,5.65,93.3,100.0,100.0,100.0
1449,2e-06,0.122,0.684,1.6e-05,5.43,93.3,100.0,100.0,100.0
1450,2e-06,0.157,0.512,2.6e-05,6.33,91.7,98.3,100.0,100.0
1451,2e-06,0.139,0.747,2.4e-05,6.86,88.3,98.3,100.0,100.0
1452,2e-06,0.134,0.691,1.6e-05,5.94,90.0,100.0,100.0,100.0
1453,2e-06,0.154,0.531,1.6e-05,5.5,91.7,100.0,100.0,100.0
1454,2e-06,0.172,0.633,1.6e-05,5.85,88.3,100.0,100.0,100.0
1455,2e-06,0.139,0.571,1.7e-05,5.87,90.0,100.0,100.0,100.0
1456,2e-06,0.139,0.626,1.6e-05,5.63,90.0,100.0,100.0,100.0
1457,2e-06,0.132,0.541,1.5e-05,5.75,90.0,100.0,100.0,100.0
1458,2e-06,0.158,0.598,1.6e-05,5.61,91.7,100.0,100.0,100.0
1459,2e-06,0.142,0.647,1.5e-05,5.02,93.3,100.0,100.0,100.0
1460,2e-06,0.152,0.566,1.6e-05,5.2,93.3,100.0,100.0,100.0
1461,2e-06,0.133,0.611,1.6e-05,4.94,95.0,100.0,100.0,100.0
1462,2e-06,0.125,0.727,1.6e-05,5.26,91.7,100.0,100.0,100.0
1463,2e-06,0.146,0.742,1.5e-05,5.56,91.7,100.0,100.0,100.0
1464,2e-06,0.143,0.683,1.6e-05,5.63,91.7,100.0,100.0,100.0
1465,2e-06,0.144,0.677,1.5e-05,5.01,93.3,100.0,100.0,100.0
1466,2e-06,0.151,0.63,1.6e-05,4.96,93.3,100.0,100.0,100.0
1467,2e-06,0.117,0.5,1.5e-05,5.01,93.3,100.0,100.0,100.0
1468,2e-06,0.152,0.487,1.6e-05,4.63,95.0,100.0,100.0,100.0
1469,2e-06,0.133,0.649,1.5e-05,5.56,91.7,100.0,100.0,100.0
1470,2e-06,0.137,0.617,1.5e-05,4.99,91.7,100.0,100.0,100.0
1471,2e-06,0.138,0.527,1.5e-05,4.84,93.3,100.0,100.0,100.0
1472,2e-06,0.157,0.581,1.5e-05,4.95,93.3,100.0,100.0,100.0
1473,2e-06,0.144,0.62,1.5e-05,4.88,93.3,100.0,100.0,100.0
1474,2e-06,0.114,0.617,1.5e-05,4.63,93.3,100.0,100.0,100.0
1475,2e-06,0.157,0.611,1.6e-05,5.63,91.7,100.0,100.0,100.0
1476,2e-06,0.131,0.674,1.6e-05,5.93,90.0,100.0,100.0,100.0
1477,2e-06,0.116,0.678,1.6e-05,5.67,90.0,100.0,100.0,100.0
1478,2e-06,0.126,0.705,1.6e-05,5.3,91.7,100.0,100.0,100.0
1479,2e-06,0.138,0.648,1.6e-05,5.71,90.0,100.0,100.0,100.0
1480,2e-06,0.135,0.583,1.6e-05,5.4,91.7,100.0,100.0,100.0
1481,2e-06,0.135,0.595,1.6e-05,5.12,93.3,100.0,100.0,100.0
1482,2e-06,0.14,0.612,1.6e-05,5.91,90.0,100.0,100.0,100.0
1483,2e-06,0.12,0.615,1.6e-05,5.8,90.0,100.0,100.0,100.0
1484,2e-06,0.138,0.585,1.5e-05,5.69,91.7,100.0,100.0,100.0
1485,2e-06,0.123,0.583,1.5e-05,5.07,93.3,100.0,100.0,100.0
1486,2e-06,0.122,0.639,1.5e-05,5.96,90.0,100.0,100.0,100.0
1487,2e-06,0.148,0.588,1.5e-05,5.6,90.0,100.0,100.0,100.0
1488,2e-06,0.143,0.595,1.6e-05,5.74,90.0,100.0,100.0,100.0
1489,2e-06,0.12,0.643,1.5e-05,6.3,90.0,100.0,100.0,100.0
1490,2e-06,0.133,0.676,1.5e-05,5.53,93.3,100.0,100.0,100.0
1491,2e-06,0.135,0.615,1.5e-05,5.82,91.7,100.0,100.0,100.0
1492,2e-06,0.155,0.474,1.5e-05,5.15,93.3,100.0,100.0,100.0
1493,2e-06,0.141,0.646,1.5e-05,5.79,90.0,100.0,100.0,100.0
1494,2e-06,0.147,0.608,1.5e-05,4.88,91.7,100.0,100.0,100.0
1495,2e-06,0.15,0.663,1.5e-05,5.27,91.7,100.0,100.0,100.0
1496,2e-06,0.137,0.596,1.5e-05,5.01,93.3,100.0,100.0,100.0
1497,2e-06,0.135,0.558,1.5e-05,5.17,91.7,100.0,100.0,100.0
1498,2e-06,0.128,0.591,1.6e-05,5.28,93.3,100.0,100.0,100.0
1499,2e-06,0.126,0.655,1.5e-05,4.99,93.3,100.0,100.0,100.0
1500,2e-06,0.133,0.57,1.5e-05,4.83,95.0,100.0,100.0,100.0
1501,2e-06,0.143,0.583,1.5e-05,5.01,95.0,100.0,100.0,100.0
1502,2e-06,0.119,0.634,1.5e-05,6.06,90.0,100.0,100.0,100.0
1503,2e-06,0.145,0.62,1.5e-05,6.01,90.0,100.0,100.0,100.0
1504,2e-06,0.148,0.629,1.5e-05,5.51,90.0,100.0,100.0,100.0
1505,2e-06,0.142,0.634,1.5e-05,5.16,91.7,100.0,100.0,100.0
1506,2e-06,0.128,0.613,1.5e-05,5.45,91.7,100.0,100.0,100.0
1507,2e-06,0.132,0.639,1.5e-05,5.66,90.0,100.0,100.0,100.0
1508,2e-06,0.127,0.587,1.5e-05,5.87,91.7,100.0,100.0,100.0
1509,2e-06,0.155,0.533,1.5e-05,4.97,93.3,100.0,100.0,100.0
1510,2e-06,0.153,0.579,1.6e-05,5.45,91.7,100.0,100.0,100.0
1511,2e-06,0.146,0.638,1.5e-05,5.47,91.7,100.0,100.0,100.0
1512,2e-06,0.123,0.552,1.5e-05,5.59,93.3,100.0,100.0,100.0
1513,2e-06,0.125,0.661,1.6e-05,5.95,91.7,100.0,100.0,100.0
1514,2e-06,0.126,0.61,1.6e-05,5.4,91.7,100.0,100.0,100.0
1515,2e-06,0.128,0.612,1.5e-05,5.36,93.3,100.0,100.0,100.0
1516,2e-06,0.143,0.564,1.5e-05,5.37,93.3,100.0,100.0,100.0
1517,2e-06,0.119,0.594,1.5e-05,5.42,93.3,100.0,100.0,100.0
1518,2e-06,0.133,0.627,1.6e-05,6.04,91.7,100.0,100.0,100.0
1519,2e-06,0.131,0.589,1.5e-05,5.35,90.0,100.0,100.0,100.0
1520,2e-06,0.13,0.562,1.5e-05,5.62,90.0,100.0,100.0,100.0
1521,2e-06,0.128,0.589,1.5e-05,5.24,93.3,100.0,100.0,100.0
1522,2e-06,0.125,0.624,1.5e-05,5.68,90.0,100.0,100.0,100.0
1523,2e-06,0.139,0.526,1.5e-05,4.74,93.3,100.0,100.0,100.0
1524,2e-06,0.155,0.598,1.6e-05,5.52,90.0,100.0,100.0,100.0
1525,2e-06,0.128,0.637,1.5e-05,5.92,90.0,100.0,100.0,100.0
1526,2e-06,0.128,0.64,1.5e-05,5.49,90.0,100.0,100.0,100.0
1527,2e-06,0.137,0.639,1.5e-05,5.46,91.7,100.0,100.0,100.0
1528,2e-06,0.117,0.551,1.5e-05,5.5,91.7,100.0,100.0,100.0
1529,2e-06,0.143,0.542,1.6e-05,5.69,90.0,100.0,100.0,100.0
1530,2e-06,0.127,0.693,1.6e-05,6.15,88.3,100.0,100.0,100.0
1531,2e-06,0.141,0.626,1.6e-05,5.6,90.0,100.0,100.0,100.0
1532,2e-06,0.144,0.579,1.6e-05,5.3,93.3,100.0,100.0,100.0
1533,2e-06,0.12,0.651,1.6e-05,5.26,93.3,100.0,100.0,100.0
1534,2e-06,0.138,0.629,1.5e-05,5.32,91.7,100.0,100.0,100.0
1535,2e-06,0.157,0.55,1.5e-05,5.14,93.3,100.0,100.0,100.0
1536,2e-06,0.143,0.615,1.6e-05,4.92,93.3,100.0,100.0,100.0
1537,2e-06,0.14,0.654,1.5e-05,5.49,91.7,100.0,100.0,100.0
1538,2e-06,0.143,0.657,1.5e-05,5.86,90.0,100.0,100.0,100.0
1539,2e-06,0.146,0.663,1.6e-05,5.69,91.7,100.0,100.0,100.0
1540,2e-06,0.133,0.569,1.6e-05,5.29,93.3,100.0,100.0,100.0
1541,2e-06,0.139,0.615,1.5e-05,5.4,91.7,100.0,100.0,100.0
1542,2e-06,0.116,0.596,1.6e-05,5.67,91.7,100.0,100.0,100.0
1543,2e-06,0.125,0.586,1.5e-05,4.9,93.3,100.0,100.0,100.0
1544,2e-06,0.141,0.646,1.5e-05,5.51,90.0,100.0,100.0,100.0
1545,2e-06,0.134,0.63,1.6e-05,5.29,91.7,100.0,100.0,100.0
1546,2e-06,0.135,0.586,1.6e-05,5.11,93.3,100.0,100.0,100.0
1547,2e-06,0.129,0.615,1.6e-05,5.6,91.7,100.0,100.0,100.0
1548,2e-06,0.13,0.67,1.5e-05,5.7,90.0,100.0,100.0,100.0
1549,2e-06,0.141,0.654,1.6e-05,5.76,88.3,100.0,100.0,100.0
1550,2e-06,0.149,0.599,1.7e-05,5.64,91.7,100.0,100.0,100.0
1551,2e-06,0.138,0.692,1.5e-05,5.97,88.3,100.0,100.0,100.0
1552,2e-06,0.12,0.684,1.6e-05,5.66,90.0,100.0,100.0,100.0
1553,2e-06,0.139,0.628,1.6e-05,5.0,95.0,100.0,100.0,100.0
1554,2e-06,0.121,0.569,1.5e-05,5.43,91.7,100.0,100.0,100.0
1555,2e-06,0.136,0.523,1.6e-05,5.32,93.3,100.0,100.0,100.0
1556,2e-06,0.135,0.628,1.5e-05,5.13,91.7,100.0,100.0,100.0
1557,2e-06,0.105,0.716,1.5e-05,5.41,91.7,100.0,100.0,100.0
1558,2e-06,0.14,0.609,1.5e-05,4.94,93.3,100.0,100.0,100.0
1559,2e-06,0.141,0.558,1.5e-05,4.82,93.3,100.0,100.0,100.0
1560,2e-06,0.13,0.577,1.6e-05,5.22,91.7,100.0,100.0,100.0
1561,2e-06,0.136,0.58,1.5e-05,5.08,91.7,100.0,100.0,100.0
1562,2e-06,0.133,0.542,1.5e-05,5.04,91.7,100.0,100.0,100.0
1563,2e-06,0.137,0.588,1.4e-05,4.67,93.3,100.0,100.0,100.0
1564,2e-06,0.143,0.611,1.5e-05,5.05,93.3,100.0,100.0,100.0
1565,2e-06,0.12,0.568,1.5e-05,4.27,95.0,100.0,100.0,100.0
1566,2e-06,0.146,0.552,1.5e-05,4.86,93.3,100.0,100.0,100.0
1567,2e-06,0.127,0.581,1.5e-05,4.81,93.3,100.0,100.0,100.0
1568,2e-06,0.13,0.574,1.5e-05,4.96,93.3,100.0,100.0,100.0
1569,2e-06,0.143,0.574,1.5e-05,5.36,90.0,100.0,100.0,100.0
1570,2e-06,0.135,0.568,1.5e-05,5.05,91.7,100.0,100.0,100.0
1571,2e-06,0.135,0.499,1.5e-05,4.83,93.3,100.0,100.0,100.0
1572,2e-06,0.135,0.585,1.5e-05,4.85,93.3,100.0,100.0,100.0
1573,2e-06,0.113,0.541,1.5e-05,4.81,93.3,100.0,100.0,100.0
1574,1e-06,0.134,0.491,1.5e-05,4.47,95.0,100.0,100.0,100.0
1575,2e-06,0.141,0.541,1.4e-05,4.5,95.0,100.0,100.0,100.0
1576,2e-06,0.117,0.606,1.5e-05,4.82,91.7,100.0,100.0,100.0
1577,2e-06,0.142,0.537,1.5e-05,4.74,93.3,100.0,100.0,100.0
1578,1e-06,0.117,0.511,1.5e-05,4.68,93.3,100.0,100.0,100.0
1579,2e-06,0.135,0.524,1.5e-05,4.78,95.0,100.0,100.0,100.0
1580,2e-06,0.139,0.511,1.5e-05,4.99,93.3,100.0,100.0,100.0
1581,1e-06,0.118,0.623,1.4e-05,4.61,93.3,100.0,100.0,100.0
1582,2e-06,0.12,0.569,1.6e-05,4.89,93.3,100.0,100.0,100.0
1583,2e-06,0.131,0.605,1.5e-05,4.82,93.3,100.0,100.0,100.0
1584,2e-06,0.128,0.615,1.5e-05,4.99,93.3,100.0,100.0,100.0
1585,1e-06,0.122,0.564,1.5e-05,4.77,95.0,100.0,100.0,100.0
1586,2e-06,0.119,0.495,1.5e-05,4.8,95.0,100.0,100.0,100.0
1587,2e-06,0.126,0.522,1.5e-05,4.92,93.3,100.0,100.0,100.0
1588,2e-06,0.116,0.619,1.4e-05,4.72,93.3,100.0,100.0,100.0
1589,2e-06,0.134,0.544,1.5e-05,4.76,93.3,100.0,100.0,100.0
1590,1e-06,0.117,0.518,1.5e-05,4.69,93.3,100.0,100.0,100.0
1591,2e-06,0.121,0.503,1.4e-05,4.96,91.7,100.0,100.0,100.0
1592,2e-06,0.132,0.514,1.5e-05,4.74,93.3,100.0,100.0,100.0
1593,2e-06,0.119,0.579,1.4e-05,4.99,93.3,100.0,100.0,100.0
1594,2e-06,0.138,0.498,1.4e-05,4.7,93.3,100.0,100.0,100.0
1595,2e-06,0.14,0.517,1.4e-05,4.81,93.3,100.0,100.0,100.0
1596,2e-06,0.12,0.492,1.4e-05,4.92,91.7,100.0,100.0,100.0
1597,2e-06,0.108,0.57,1.5e-05,4.81,93.3,100.0,100.0,100.0
1598,2e-06,0.127,0.529,1.4e-05,5.1,91.7,100.0,100.0,100.0
1599,1e-06,0.13,0.563,1.4e-05,4.69,95.0,100.0,100.0,100.0
1600,2e-06,0.143,0.532,1.4e-05,4.93,93.3,100.0,100.0,100.0
1601,2e-06,0.133,0.5,1.6e-05,4.82,93.3,100.0,100.0,100.0
1602,2e-06,0.132,0.51,1.5e-05,5.04,91.7,100.0,100.0,100.0
1603,2e-06,0.132,0.548,1.5e-05,4.84,93.3,100.0,100.0,100.0
1604,2e-06,0.135,0.555,1.5e-05,5.04,93.3,100.0,100.0,100.0
1605,2e-06,0.117,0.554,1.5e-05,5.13,91.7,100.0,100.0,100.0
1606,2e-06,0.129,0.554,1.5e-05,5.54,91.7,100.0,100.0,100.0
1607,2e-06,0.113,0.496,1.5e-05,5.27,93.3,100.0,100.0,100.0
1608,2e-06,0.131,0.552,1.5e-05,4.65,95.0,100.0,100.0,100.0
1609,1e-06,0.121,0.568,1.5e-05,5.13,93.3,100.0,100.0,100.0
1610,2e-06,0.137,0.616,1.5e-05,5.03,91.7,100.0,100.0,100.0
1611,2e-06,0.137,0.591,1.5e-05,5.26,91.7,100.0,100.0,100.0
1612,2e-06,0.133,0.585,1.5e-05,5.0,91.7,100.0,100.0,100.0
1613,2e-06,0.15,0.556,1.5e-05,5.15,91.7,100.0,100.0,100.0
1614,2e-06,0.134,0.598,1.4e-05,5.34,91.7,100.0,100.0,100.0
1615,2e-06,0.126,0.539,1.5e-05,5.28,91.7,100.0,100.0,100.0
1616,1e-06,0.125,0.598,1.4e-05,4.95,93.3,100.0,100.0,100.0
1617,1e-06,0.126,0.532,1.4e-05,5.18,90.0,100.0,100.0,100.0
1618,2e-06,0.145,0.501,1.5e-05,5.06,93.3,100.0,100.0,100.0
1619,1e-06,0.127,0.479,1.5e-05,4.86,93.3,100.0,100.0,100.0
1620,2e-06,0.15,0.559,1.5e-05,5.24,90.0,100.0,100.0,100.0
1621,2e-06,0.117,0.562,1.5e-05,4.93,93.3,100.0,100.0,100.0
1622,2e-06,0.131,0.477,1.4e-05,4.7,93.3,100.0,100.0,100.0
1623,2e-06,0.125,0.496,1.5e-05,4.92,91.7,100.0,100.0,100.0
1624,2e-06,0.142,0.546,1.5e-05,4.94,93.3,100.0,100.0,100.0
1625,2e-06,0.122,0.62,1.5e-05,5.13,91.7,100.0,100.0,100.0
1626,2e-06,0.128,0.528,1.5e-05,4.93,91.7,100.0,100.0,100.0
1627,2e-06,0.123,0.55,1.5e-05,4.92,91.7,100.0,100.0,100.0
1628,2e-06,0.125,0.551,1.5e-05,5.07,91.7,100.0,100.0,100.0
1629,2e-06,0.126,0.616,1.5e-05,5.59,90.0,100.0,100.0,100.0
1630,2e-06,0.122,0.606,1.5e-05,4.96,91.7,100.0,100.0,100.0
1631,1e-06,0.116,0.614,1.5e-05,5.41,90.0,100.0,100.0,100.0
1632,2e-06,0.137,0.65,1.5e-05,5.59,90.0,100.0,100.0,100.0
1633,2e-06,0.118,0.614,1.5e-05,5.19,91.7,100.0,100.0,100.0
1634,1e-06,0.125,0.581,1.5e-05,4.91,93.3,100.0,100.0,100.0
1635,1e-06,0.14,0.582,1.4e-05,5.15,91.7,100.0,100.0,100.0
1636,1e-06,0.116,0.593,1.4e-05,4.77,95.0,100.0,100.0,100.0
1637,1e-06,0.116,0.528,1.5e-05,5.05,91.7,100.0,100.0,100.0
1638,2e-06,0.132,0.497,1.4e-05,4.97,91.7,100.0,100.0,100.0
1639,2e-06,0.121,0.534,1.4e-05,4.63,93.3,100.0,100.0,100.0
1640,1e-06,0.123,0.501,1.4e-05,4.56,93.3,100.0,100.0,100.0
1641,1e-06,0.118,0.53,1.4e-05,4.68,93.3,100.0,100.0,100.0
1642,2e-06,0.125,0.488,1.5e-05,4.81,93.3,100.0,100.0,100.0
1643,2e-06,0.146,0.501,1.5e-05,5.15,93.3,100.0,100.0,100.0
1644,2e-06,0.128,0.521,1.4e-05,5.09,91.7,100.0,100.0,100.0
1645,2e-06,0.134,0.616,1.5e-05,5.42,93.3,100.0,100.0,100.0
1646,1e-06,0.14,0.511,1.5e-05,5.16,91.7,100.0,100.0,100.0
1647,2e-06,0.136,0.537,1.5e-05,4.98,91.7,100.0,100.0,100.0
1648,2e-06,0.106,0.564,1.4e-05,4.65,93.3,100.0,100.0,100.0
1649,1e-06,0.123,0.534,1.5e-05,5.02,91.7,100.0,100.0,100.0
1650,1e-06,0.12,0.542,1.5e-05,4.73,93.3,100.0,100.0,100.0
1651,1e-06,0.125,0.587,1.5e-05,5.1,90.0,100.0,100.0,100.0
1652,1e-06,0.121,0.579,1.5e-05,4.96,91.7,100.0,100.0,100.0
1653,2e-06,0.126,0.505,1.5e-05,4.76,93.3,100.0,100.0,100.0
1654,1e-06,0.129,0.572,1.5e-05,4.99,91.7,100.0,100.0,100.0
1655,1e-06,0.134,0.601,1.5e-05,5.01,91.7,100.0,100.0,100.0
1656,2e-06,0.126,0.6,1.5e-05,5.14,91.7,100.0,100.0,100.0
1657,1e-06,0.124,0.597,1.5e-05,4.91,91.7,100.0,100.0,100.0
1658,2e-06,0.126,0.615,1.6e-05,5.82,90.0,100.0,100.0,100.0
1659,1e-06,0.136,0.576,1.5e-05,4.88,93.3,100.0,100.0,100.0
1660,1e-06,0.124,0.583,1.5e-05,5.82,90.0,100.0,100.0,100.0
1661,1e-06,0.119,0.608,1.5e-05,5.26,91.7,100.0,100.0,100.0
1662,2e-06,0.118,0.578,1.5e-05,5.03,93.3,100.0,100.0,100.0
1663,2e-06,0.131,0.555,1.5e-05,5.15,91.7,100.0,100.0,100.0
1664,1e-06,0.121,0.565,1.5e-05,5.04,93.3,100.0,100.0,100.0
1665,1e-06,0.12,0.582,1.5e-05,4.98,91.7,100.0,100.0,100.0
1666,1e-06,0.116,0.532,1.5e-05,5.04,91.7,100.0,100.0,100.0
1667,1e-06,0.12,0.574,1.4e-05,5.01,91.7,100.0,100.0,100.0
1668,1e-06,0.13,0.576,1.5e-05,4.88,93.3,100.0,100.0,100.0
1669,2e-06,0.141,0.563,1.4e-05,4.92,91.7,100.0,100.0,100.0
1670,2e-06,0.123,0.506,1.5e-05,4.88,95.0,100.0,100.0,100.0
1671,1e-06,0.114,0.581,1.4e-05,4.79,93.3,100.0,100.0,100.0
1672,2e-06,0.143,0.542,1.4e-05,4.69,95.0,100.0,100.0,100.0
1673,2e-06,0.121,0.584,1.4e-05,5.07,91.7,100.0,100.0,100.0
1674,1e-06,0.136,0.517,1.4e-05,4.99,91.7,100.0,100.0,100.0
1675,1e-06,0.124,0.587,1.4e-05,4.81,93.3,100.0,100.0,100.0
1676,1e-06,0.121,0.571,1.5e-05,5.09,91.7,100.0,100.0,100.0
1677,1e-06,0.121,0.509,1.4e-05,4.82,93.3,100.0,100.0,100.0
1678,1e-06,0.117,0.571,1.5e-05,4.81,93.3,100.0,100.0,100.0
1679,1e-06,0.129,0.538,1.5e-05,4.88,91.7,100.0,100.0,100.0
1680,2e-06,0.114,0.479,1.5e-05,4.75,93.3,100.0,100.0,100.0
1681,1e-06,0.133,0.524,1.5e-05,5.12,91.7,100.0,100.0,100.0
1682,1e-06,0.126,0.6,1.5e-05,4.83,93.3,100.0,100.0,100.0
1683,1e-06,0.124,0.601,1.5e-05,4.97,93.3,100.0,100.0,100.0
1684,1e-06,0.123,0.621,1.4e-05,5.09,93.3,100.0,100.0,100.0
1685,2e-06,0.123,0.563,1.4e-05,4.7,93.3,100.0,100.0,100.0
1686,2e-06,0.15,0.603,1.5e-05,5.03,91.7,100.0,100.0,100.0
1687,1e-06,0.14,0.527,1.5e-05,5.0,91.7,100.0,100.0,100.0
1688,2e-06,0.131,0.55,1.5e-05,5.0,91.7,100.0,100.0,100.0
1689,2e-06,0.122,0.565,1.5e-05,5.06,91.7,100.0,100.0,100.0
1690,1e-06,0.138,0.56,1.4e-05,4.95,91.7,100.0,100.0,100.0
1691,2e-06,0.11,0.567,1.4e-05,4.96,91.7,100.0,100.0,100.0
1692,2e-06,0.13,0.593,1.4e-05,5.22,90.0,100.0,100.0,100.0
1693,2e-06,0.122,0.58,1.5e-05,5.18,93.3,100.0,100.0,100.0
1694,2e-06,0.124,0.564,1.4e-05,5.11,93.3,100.0,100.0,100.0
1695,2e-06,0.134,0.605,1.5e-05,5.03,93.3,100.0,100.0,100.0
1696,1e-06,0.123,0.589,1.5e-05,4.77,93.3,100.0,100.0,100.0
1697,1e-06,0.13,0.502,1.4e-05,4.97,91.7,100.0,100.0,100.0
1698,1e-06,0.108,0.604,1.5e-05,4.96,91.7,100.0,100.0,100.0
1699,1e-06,0.135,0.547,1.5e-05,4.68,93.3,100.0,100.0,100.0
1700,2e-06,0.128,0.535,1.5e-05,5.14,91.7,100.0,100.0,100.0
1701,2e-06,0.137,0.593,1.5e-05,4.96,91.7,100.0,100.0,100.0
1702,1e-06,0.137,0.522,1.4e-05,4.9,91.7,100.0,100.0,100.0
1703,2e-06,0.129,0.6,1.5e-05,5.01,91.7,100.0,100.0,100.0
1704,1e-06,0.145,0.64,1.5e-05,5.09,91.7,100.0,100.0,100.0
1705,1e-06,0.142,0.576,1.5e-05,4.94,91.7,100.0,100.0,100.0
1706,1e-06,0.136,0.555,1.5e-05,5.09,91.7,100.0,100.0,100.0
1707,2e-06,0.135,0.61,1.5e-05,4.95,91.7,100.0,100.0,100.0
1708,1e-06,0.124,0.549,1.5e-05,4.9,91.7,100.0,100.0,100.0
1709,1e-06,0.126,0.611,1.5e-05,5.18,91.7,100.0,100.0,100.0
1710,2e-06,0.129,0.567,1.5e-05,5.12,91.7,100.0,100.0,100.0
1711,1e-06,0.125,0.534,1.5e-05,4.86,91.7,100.0,100.0,100.0
1712,2e-06,0.127,0.625,1.4e-05,4.97,91.7,100.0,100.0,100.0
1713,1e-06,0.116,0.627,1.5e-05,5.12,91.7,100.0,100.0,100.0
1714,1e-06,0.154,0.616,1.4e-05,5.1,91.7,100.0,100.0,100.0
1715,1e-06,0.109,0.569,1.4e-05,5.04,91.7,100.0,100.0,100.0
1716,1e-06,0.12,0.596,1.4e-05,5.01,91.7,100.0,100.0,100.0
1717,1e-06,0.121,0.627,1.4e-05,5.1,91.7,100.0,100.0,100.0
1718,1e-06,0.117,0.644,1.5e-05,5.18,91.7,100.0,100.0,100.0
1719,1e-06,0.132,0.542,1.4e-05,4.97,91.7,100.0,100.0,100.0
1720,2e-06,0.137,0.568,1.4e-05,5.0,91.7,100.0,100.0,100.0
1721,1e-06,0.141,0.535,1.4e-05,4.81,91.7,100.0,100.0,100.0
1722,2e-06,0.143,0.54,1.4e-05,5.1,91.7,100.0,100.0,100.0
1723,1e-06,0.109,0.602,1.4e-05,5.28,90.0,100.0,100.0,100.0
1724,1e-06,0.117,0.627,1.4e-05,5.21,91.7,100.0,100.0,100.0
1725,2e-06,0.133,0.631,1.4e-05,5.29,91.7,100.0,100.0,100.0
1726,2e-06,0.109,0.602,1.5e-05,4.95,93.3,100.0,100.0,100.0
1727,1e-06,0.135,0.601,1.4e-05,4.81,93.3,100.0,100.0,100.0
1728,1e-06,0.116,0.602,1.5e-05,4.95,93.3,100.0,100.0,100.0
1729,1e-06,0.126,0.609,1.5e-05,5.18,91.7,100.0,100.0,100.0
1730,1e-06,0.121,0.642,1.4e-05,5.14,91.7,100.0,100.0,100.0
1731,1e-06,0.12,0.6,1.5e-05,5.01,91.7,100.0,100.0,100.0
1732,1e-06,0.142,0.651,1.5e-05,5.56,90.0,100.0,100.0,100.0
1733,1e-06,0.121,0.554,1.5e-05,5.04,91.7,100.0,100.0,100.0
1734,2e-06,0.12,0.585,1.5e-05,5.08,91.7,100.0,100.0,100.0
1735,1e-06,0.125,0.569,1.4e-05,5.17,90.0,100.0,100.0,100.0
1736,1e-06,0.123,0.515,1.5e-05,4.99,91.7,100.0,100.0,100.0
1737,1e-06,0.11,0.57,1.5e-05,4.77,93.3,100.0,100.0,100.0
1738,1e-06,0.129,0.542,1.5e-05,4.95,91.7,100.0,100.0,100.0
1739,1e-06,0.124,0.606,1.5e-05,5.05,93.3,100.0,100.0,100.0
1740,1e-06,0.147,0.503,1.5e-05,4.9,93.3,100.0,100.0,100.0
1741,1e-06,0.12,0.544,1.5e-05,4.96,93.3,100.0,100.0,100.0
1742,1e-06,0.119,0.574,1.5e-05,5.19,91.7,100.0,100.0,100.0
1743,1e-06,0.123,0.525,1.4e-05,4.87,91.7,100.0,100.0,100.0
1744,2e-06,0.154,0.535,1.5e-05,4.86,93.3,100.0,100.0,100.0
1745,1e-06,0.11,0.515,1.4e-05,4.83,93.3,100.0,100.0,100.0
1746,1e-06,0.137,0.597,1.5e-05,5.16,93.3,100.0,100.0,100.0
1747,1e-06,0.135,0.549,1.4e-05,4.99,93.3,100.0,100.0,100.0
1748,1e-06,0.105,0.535,1.4e-05,4.9,93.3,100.0,100.0,100.0
1749,2e-06,0.13,0.6,1.5e-05,4.73,95.0,100.0,100.0,100.0
1750,2e-06,0.143,0.588,1.4e-05,5.1,93.3,100.0,100.0,100.0
1751,1e-06,0.133,0.602,1.5e-05,5.09,91.7,100.0,100.0,100.0
1752,1e-06,0.118,0.61,1.4e-05,4.9,91.7,100.0,100.0,100.0
1753,1e-06,0.138,0.544,1.5e-05,5.06,91.7,100.0,100.0,100.0
1754,1e-06,0.118,0.551,1.4e-05,4.93,93.3,100.0,100.0,100.0
1755,1e-06,0.128,0.581,1.5e-05,4.87,91.7,100.0,100.0,100.0
1756,1e-06,0.108,0.52,1.4e-05,4.9,91.7,100.0,100.0,100.0
1757,1e-06,0.114,0.574,1.4e-05,4.96,91.7,100.0,100.0,100.0
1758,1e-06,0.108,0.621,1.5e-05,4.94,93.3,100.0,100.0,100.0
1759,2e-06,0.132,0.516,1.5e-05,4.63,95.0,100.0,100.0,100.0
1760,1e-06,0.124,0.545,1.4e-05,4.8,93.3,100.0,100.0,100.0
1761,1e-06,0.111,0.617,1.4e-05,5.01,93.3,100.0,100.0,100.0
1762,1e-06,0.129,0.58,1.5e-05,4.98,93.3,100.0,100.0,100.0
1763,1e-06,0.135,0.581,1.4e-05,5.06,91.7,100.0,100.0,100.0
1764,1e-06,0.129,0.505,1.5e-05,4.97,95.0,100.0,100.0,100.0
1765,1e-06,0.122,0.557,1.4e-05,5.13,93.3,100.0,100.0,100.0
1766,1e-06,0.109,0.593,1.4e-05,5.09,91.7,100.0,100.0,100.0
1767,1e-06,0.138,0.623,1.4e-05,4.95,91.7,100.0,100.0,100.0
1768,1e-06,0.13,0.607,1.4e-05,5.26,91.7,100.0,100.0,100.0
1769,1e-06,0.139,0.629,1.4e-05,5.12,93.3,100.0,100.0,100.0
1770,1e-06,0.127,0.595,1.4e-05,4.93,91.7,100.0,100.0,100.0
1771,2e-06,0.14,0.584,1.4e-05,4.96,91.7,100.0,100.0,100.0
1772,1e-06,0.117,0.55,1.4e-05,4.82,91.7,100.0,100.0,100.0
1773,1e-06,0.133,0.54,1.4e-05,4.92,91.7,100.0,100.0,100.0
1774,1e-06,0.121,0.545,1.4e-05,4.94,93.3,100.0,100.0,100.0
1775,1e-06,0.142,0.58,1.4e-05,4.95,93.3,100.0,100.0,100.0
1776,1e-06,0.119,0.542,1.4e-05,5.02,91.7,100.0,100.0,100.0
1777,1e-06,0.116,0.548,1.4e-05,5.07,91.7,100.0,100.0,100.0
1778,1e-06,0.13,0.583,1.4e-05,5.07,91.7,100.0,100.0,100.0
1779,1e-06,0.113,0.53,1.4e-05,4.98,91.7,100.0,100.0,100.0
1780,1e-06,0.147,0.542,1.4e-05,5.02,91.7,100.0,100.0,100.0
1781,1e-06,0.119,0.567,1.5e-05,5.05,91.7,100.0,100.0,100.0
1782,1e-06,0.13,0.55,1.5e-05,5.07,91.7,100.0,100.0,100.0
1783,1e-06,0.131,0.545,1.4e-05,5.04,91.7,100.0,100.0,100.0
1784,1e-06,0.128,0.597,1.4e-05,5.09,91.7,100.0,100.0,100.0
1785,1e-06,0.118,0.595,1.4e-05,5.06,91.7,100.0,100.0,100.0
1786,1e-06,0.122,0.593,1.4e-05,5.14,91.7,100.0,100.0,100.0
1787,1e-06,0.128,0.488,1.4e-05,4.69,93.3,100.0,100.0,100.0
1788,1e-06,0.121,0.504,1.4e-05,4.93,91.7,100.0,100.0,100.0
1789,1e-06,0.111,0.537,1.4e-05,4.99,91.7,100.0,100.0,100.0
1790,1e-06,0.141,0.582,1.4e-05,5.01,91.7,100.0,100.0,100.0
1791,1e-06,0.114,0.542,1.4e-05,5.02,91.7,100.0,100.0,100.0
1792,1e-06,0.121,0.597,1.4e-05,5.09,91.7,100.0,100.0,100.0
1793,1e-06,0.125,0.542,1.4e-05,5.02,91.7,100.0,100.0,100.0
1794,1e-06,0.131,0.542,1.4e-05,5.02,91.7,100.0,100.0,100.0
1795,1e-06,0.123,0.564,1.4e-05,5.06,91.7,100.0,100.0,100.0
1796,1e-06,0.119,0.595,1.4e-05,5.06,91.7,100.0,100.0,100.0
1797,1e-06,0.12,0.599,1.4e-05,5.0,91.7,100.0,100.0,100.0
1798,2e-06,0.127,0.567,1.4e-05,5.09,91.7,100.0,100.0,100.0
1799,1e-06,0.112,0.574,1.4e-05,5.12,91.7,100.0,100.0,100.0
1800,1e-06,0.13,0.593,1.4e-05,5.14,91.7,100.0,100.0,100.0
1801,1e-06,0.099,0.583,1.4e-05,5.03,91.7,100.0,100.0,100.0
1802,1e-06,0.133,0.622,1.4e-05,5.12,91.7,100.0,100.0,100.0
1803,1e-06,0.114,0.566,1.4e-05,4.99,91.7,100.0,100.0,100.0
1804,1e-06,0.12,0.596,1.4e-05,5.01,91.7,100.0,100.0,100.0
1805,1e-06,0.131,0.555,1.4e-05,4.86,91.7,100.0,100.0,100.0
1806,1e-06,0.099,0.597,1.4e-05,5.09,91.7,100.0,100.0,100.0
1807,1e-06,0.123,0.555,1.4e-05,4.68,93.3,100.0,100.0,100.0
1808,1e-06,0.116,0.578,1.5e-05,5.22,91.7,100.0,100.0,100.0
1809,1e-06,0.115,0.574,1.5e-05,5.12,91.7,100.0,100.0,100.0
1810,1e-06,0.137,0.593,1.4e-05,5.14,91.7,100.0,100.0,100.0
1811,1e-06,0.111,0.596,1.4e-05,5.16,91.7,100.0,100.0,100.0
1812,1e-06,0.123,0.622,1.4e-05,5.09,91.7,100.0,100.0,100.0
1813,1e-06,0.123,0.537,1.5e-05,4.99,91.7,100.0,100.0,100.0
1814,1e-06,0.133,0.563,1.4e-05,4.87,91.7,100.0,100.0,100.0
1815,1e-06,0.106,0.566,1.4e-05,4.99,91.7,100.0,100.0,100.0
1816,1e-06,0.097,0.567,1.4e-05,4.95,91.7,100.0,100.0,100.0
1817,1e-06,0.106,0.564,1.5e-05,5.01,91.7,100.0,100.0,100.0
1818,1e-06,0.139,0.536,1.4e-05,4.9,91.7,100.0,100.0,100.0
1819,1e-06,0.132,0.54,1.4e-05,5.01,91.7,100.0,100.0,100.0
1820,2e-06,0.115,0.564,1.4e-05,5.01,91.7,100.0,100.0,100.0
1821,1e-06,0.125,0.603,1.4e-05,5.16,91.7,100.0,100.0,100.0
1822,1e-06,0.101,0.567,1.4e-05,5.13,91.7,100.0,100.0,100.0
1823,1e-06,0.119,0.605,1.4e-05,5.14,91.7,100.0,100.0,100.0
1824,1e-06,0.125,0.561,1.4e-05,5.14,91.7,100.0,100.0,100.0
1825,1e-06,0.124,0.563,1.5e-05,4.73,93.3,100.0,100.0,100.0
1826,1e-06,0.131,0.577,1.4e-05,4.75,93.3,100.0,100.0,100.0
1827,1e-06,0.117,0.56,1.4e-05,4.94,91.7,100.0,100.0,100.0
1828,1e-06,0.121,0.542,1.4e-05,4.9,91.7,100.0,100.0,100.0
1829,1e-06,0.125,0.569,1.4e-05,5.0,91.7,100.0,100.0,100.0
1830,1e-06,0.116,0.564,1.5e-05,5.01,91.7,100.0,100.0,100.0
1831,1e-06,0.126,0.626,1.4e-05,5.07,91.7,100.0,100.0,100.0
1832,1e-06,0.119,0.617,1.5e-05,5.13,91.7,100.0,100.0,100.0
1833,1e-06,0.126,0.547,1.4e-05,4.94,91.7,100.0,100.0,100.0
1834,1e-06,0.107,0.568,1.4e-05,4.87,91.7,100.0,100.0,100.0
1835,1e-06,0.135,0.566,1.4e-05,4.89,91.7,100.0,100.0,100.0
1836,1e-06,0.115,0.57,1.4e-05,4.85,91.7,100.0,100.0,100.0
1837,1e-06,0.129,0.555,1.4e-05,4.86,91.7,100.0,100.0,100.0
1838,1e-06,0.122,0.567,1.4e-05,4.9,91.7,100.0,100.0,100.0
1839,1e-06,0.115,0.581,1.4e-05,4.78,93.3,100.0,100.0,100.0
1840,1e-06,0.122,0.589,1.4e-05,4.97,91.7,100.0,100.0,100.0
1841,1e-06,0.111,0.501,1.4e-05,4.77,91.7,100.0,100.0,100.0
1842,1e-06,0.13,0.58,1.4e-05,4.99,91.7,100.0,100.0,100.0
1843,1e-06,0.126,0.589,1.4e-05,4.97,91.7,100.0,100.0,100.0
1844,1e-06,0.12,0.64,1.4e-05,5.09,91.7,100.0,100.0,100.0
1845,1e-06,0.113,0.64,1.5e-05,5.09,91.7,100.0,100.0,100.0
1846,1e-06,0.126,0.581,1.4e-05,4.78,93.3,100.0,100.0,100.0
1847,1e-06,0.129,0.617,1.4e-05,5.13,91.7,100.0,100.0,100.0
1848,1e-06,0.111,0.6,1.4e-05,5.14,91.7,100.0,100.0,100.0
1849,1e-06,0.135,0.621,1.5e-05,5.07,91.7,100.0,100.0,100.0
1850,1e-06,0.113,0.621,1.4e-05,5.07,91.7,100.0,100.0,100.0
1851,1e-06,0.137,0.608,1.4e-05,5.15,91.7,100.0,100.0,100.0
1852,1e-06,0.097,0.628,1.5e-05,5.19,91.7,100.0,100.0,100.0
1853,1e-06,0.12,0.585,1.4e-05,4.94,91.7,100.0,100.0,100.0
1854,1e-06,0.126,0.581,1.4e-05,5.09,91.7,100.0,100.0,100.0
1855,1e-06,0.126,0.585,1.5e-05,4.94,91.7,100.0,100.0,100.0
1856,1e-06,0.117,0.588,1.4e-05,4.96,91.7,100.0,100.0,100.0
1857,1e-06,0.123,0.583,1.4e-05,5.03,91.7,100.0,100.0,100.0
1858,1e-06,0.128,0.567,1.4e-05,5.03,91.7,100.0,100.0,100.0
1859,1e-06,0.138,0.589,1.5e-05,5.04,91.7,100.0,100.0,100.0
1860,1e-06,0.131,0.628,1.5e-05,5.19,91.7,100.0,100.0,100.0
1861,1e-06,0.137,0.589,1.4e-05,5.04,91.7,100.0,100.0,100.0
1862,1e-06,0.127,0.585,1.4e-05,4.94,91.7,100.0,100.0,100.0
1863,1e-06,0.13,0.621,1.4e-05,5.07,91.7,100.0,100.0,100.0
1864,1e-06,0.137,0.621,1.5e-05,5.23,91.7,100.0,100.0,100.0
1865,1e-06,0.112,0.593,1.5e-05,5.09,91.7,100.0,100.0,100.0
1866,1e-06,0.111,0.593,1.4e-05,5.09,91.7,100.0,100.0,100.0
1867,1e-06,0.13,0.624,1.5e-05,5.09,91.7,100.0,100.0,100.0
1868,1e-06,0.117,0.624,1.5e-05,5.09,91.7,100.0,100.0,100.0
1869,1e-06,0.102,0.625,1.5e-05,5.17,91.7,100.0,100.0,100.0
1870,1e-06,0.121,0.643,1.4e-05,5.11,91.7,100.0,100.0,100.0
1871,1e-06,0.127,0.64,1.4e-05,5.09,91.7,100.0,100.0,100.0
1872,1e-06,0.114,0.617,1.5e-05,5.13,91.7,100.0,100.0,100.0
1873,1e-06,0.126,0.6,1.5e-05,5.29,91.7,100.0,100.0,100.0
1874,1e-06,0.143,0.621,1.5e-05,5.07,91.7,100.0,100.0,100.0
1875,1e-06,0.132,0.621,1.4e-05,5.07,91.7,100.0,100.0,100.0
1876,1e-06,0.109,0.609,1.4e-05,5.03,91.7,100.0,100.0,100.0
1877,1e-06,0.126,0.614,1.4e-05,5.07,91.7,100.0,100.0,100.0
1878,1e-06,0.123,0.6,1.5e-05,5.14,91.7,100.0,100.0,100.0
1879,1e-06,0.125,0.621,1.4e-05,5.07,91.7,100.0,100.0,100.0
1880,1e-06,0.126,0.6,1.5e-05,5.29,91.7,100.0,100.0,100.0
1881,1e-06,0.119,0.621,1.5e-05,5.07,91.7,100.0,100.0,100.0
1882,1e-06,0.107,0.621,1.4e-05,5.07,91.7,100.0,100.0,100.0
1883,1e-06,0.111,0.64,1.4e-05,5.09,91.7,100.0,100.0,100.0
1884,1e-06,0.102,0.64,1.5e-05,5.09,91.7,100.0,100.0,100.0
1885,1e-06,0.125,0.64,1.5e-05,5.09,91.7,100.0,100.0,100.0
1886,1e-06,0.109,0.64,1.4e-05,5.09,91.7,100.0,100.0,100.0
1887,1e-06,0.113,0.617,1.5e-05,5.13,91.7,100.0,100.0,100.0
1888,1e-06,0.129,0.621,1.5e-05,5.07,91.7,100.0,100.0,100.0
1889,1e-06,0.101,0.621,1.4e-05,5.23,91.7,100.0,100.0,100.0
1890,1e-06,0.12,0.621,1.4e-05,5.07,91.7,100.0,100.0,100.0
1891,1e-06,0.11,0.604,1.5e-05,4.96,91.7,100.0,100.0,100.0
1892,1e-06,0.129,0.608,1.5e-05,5.06,91.7,100.0,100.0,100.0
1893,1e-06,0.111,0.585,1.5e-05,4.94,91.7,100.0,100.0,100.0
1894,1e-06,0.11,0.585,1.5e-05,4.94,91.7,100.0,100.0,100.0
1895,1e-06,0.132,0.604,1.5e-05,4.96,91.7,100.0,100.0,100.0
1896,1e-06,0.106,0.64,1.5e-05,5.09,91.7,100.0,100.0,100.0
1897,1e-06,0.111,0.585,1.5e-05,4.94,91.7,100.0,100.0,100.0
1898,1e-06,0.139,0.585,1.5e-05,4.94,91.7,100.0,100.0,100.0
1899,1e-06,0.129,0.633,1.4e-05,4.9,93.3,100.0,100.0,100.0
1900,1e-06,0.115,0.64,1.5e-05,5.09,91.7,100.0,100.0,100.0
1901,1e-06,0.111,0.585,1.5e-05,4.94,91.7,100.0,100.0,100.0
1902,1e-06,0.125,0.636,1.5e-05,5.14,91.7,100.0,100.0,100.0
1903,1e-06,0.112,0.636,1.5e-05,5.14,91.7,100.0,100.0,100.0
1904,1e-06,0.127,0.583,1.5e-05,5.03,91.7,100.0,100.0,100.0
1905,1e-06,0.127,0.625,1.5e-05,5.17,91.7,100.0,100.0,100.0
1906,1e-06,0.124,0.636,1.4e-05,5.14,91.7,100.0,100.0,100.0
1907,1e-06,0.125,0.64,1.5e-05,5.09,91.7,100.0,100.0,100.0
1908,1e-06,0.11,0.621,1.5e-05,5.07,91.7,100.0,100.0,100.0
1909,1e-06,0.116,0.621,1.5e-05,5.07,91.7,100.0,100.0,100.0
1910,1e-06,0.113,0.64,1.5e-05,5.09,91.7,100.0,100.0,100.0
1911,1e-06,0.13,0.646,1.5e-05,5.09,91.7,100.0,100.0,100.0
1912,1e-06,0.111,0.636,1.5e-05,5.14,91.7,100.0,100.0,100.0
1913,1e-06,0.123,0.596,1.5e-05,5.19,91.7,100.0,100.0,100.0
1914,1e-06,0.123,0.58,1.5e-05,4.99,91.7,100.0,100.0,100.0
1915,1e-06,0.127,0.596,1.5e-05,5.19,91.7,100.0,100.0,100.0
1916,1e-06,0.123,0.603,1.5e-05,5.31,91.7,100.0,100.0,100.0
1917,1e-06,0.131,0.618,1.5e-05,5.23,91.7,100.0,100.0,100.0
1918,1e-06,0.114,0.628,1.5e-05,5.05,91.7,100.0,100.0,100.0
1919,1e-06,0.111,0.643,1.4e-05,5.11,91.7,100.0,100.0,100.0
1920,1e-06,0.128,0.621,1.4e-05,5.07,91.7,100.0,100.0,100.0
1921,1e-06,0.14,0.58,1.5e-05,4.99,91.7,100.0,100.0,100.0
1922,1e-06,0.124,0.617,1.5e-05,5.13,91.7,100.0,100.0,100.0
1923,1e-06,0.122,0.6,1.5e-05,5.14,91.7,100.0,100.0,100.0
1924,1e-06,0.126,0.612,1.5e-05,4.97,93.3,100.0,100.0,100.0
1925,1e-06,0.141,0.604,1.4e-05,4.96,91.7,100.0,100.0,100.0
1926,1e-06,0.121,0.621,1.4e-05,5.07,91.7,100.0,100.0,100.0
1927,1e-06,0.106,0.621,1.5e-05,5.07,91.7,100.0,100.0,100.0
1928,1e-06,0.109,0.621,1.4e-05,5.07,91.7,100.0,100.0,100.0
1929,1e-06,0.129,0.585,1.4e-05,5.17,91.7,100.0,100.0,100.0
1930,1e-06,0.127,0.591,1.5e-05,5.07,91.7,100.0,100.0,100.0
1931,1e-06,0.126,0.62,1.5e-05,5.16,91.7,100.0,100.0,100.0
1932,2e-06,0.157,0.583,1.5e-05,5.03,91.7,100.0,100.0,100.0
1933,1e-06,0.127,0.604,1.5e-05,4.96,91.7,100.0,100.0,100.0
1934,1e-06,0.115,0.64,1.5e-05,5.09,91.7,100.0,100.0,100.0
1935,1e-06,0.127,0.6,1.5e-05,5.14,91.7,100.0,100.0,100.0
1936,1e-06,0.119,0.64,1.5e-05,5.09,91.7,100.0,100.0,100.0
1937,1e-06,0.124,0.64,1.4e-05,5.09,91.7,100.0,100.0,100.0
1938,1e-06,0.132,0.64,1.4e-05,5.09,91.7,100.0,100.0,100.0
1939,1e-06,0.117,0.621,1.5e-05,5.23,91.7,100.0,100.0,100.0
1940,1e-06,0.111,0.644,1.5e-05,5.19,91.7,100.0,100.0,100.0
1941,1e-06,0.119,0.64,1.5e-05,5.24,91.7,100.0,100.0,100.0
1942,1e-06,0.113,0.604,1.5e-05,4.96,91.7,100.0,100.0,100.0
1943,1e-06,0.109,0.644,1.5e-05,5.19,91.7,100.0,100.0,100.0
1944,1e-06,0.115,0.61,1.5e-05,5.09,91.7,100.0,100.0,100.0
1945,1e-06,0.128,0.636,1.4e-05,5.14,91.7,100.0,100.0,100.0
1946,1e-06,0.117,0.615,1.4e-05,5.21,91.7,100.0,100.0,100.0
1947,1e-06,0.107,0.65,1.5e-05,5.19,91.7,100.0,100.0,100.0
1948,1e-06,0.13,0.644,1.5e-05,5.19,91.7,100.0,100.0,100.0
1949,1e-06,0.144,0.638,1.5e-05,5.14,91.7,100.0,100.0,100.0
1950,1e-06,0.109,0.644,1.5e-05,5.19,91.7,100.0,100.0,100.0
1951,1e-06,0.119,0.609,1.5e-05,5.03,91.7,100.0,100.0,100.0
1952,1e-06,0.116,0.64,1.5e-05,5.09,91.7,100.0,100.0,100.0
1953,1e-06,0.125,0.64,1.5e-05,5.09,91.7,100.0,100.0,100.0
1954,2e-06,0.123,0.621,1.5e-05,5.07,91.7,100.0,100.0,100.0
1955,1e-06,0.105,0.621,1.5e-05,5.07,91.7,100.0,100.0,100.0
1956,1e-06,0.133,0.621,1.5e-05,5.07,91.7,100.0,100.0,100.0
1957,1e-06,0.129,0.621,1.5e-05,5.07,91.7,100.0,100.0,100.0
1958,1e-06,0.102,0.621,1.4e-05,5.07,91.7,100.0,100.0,100.0
1959,1e-06,0.112,0.621,1.4e-05,5.07,91.7,100.0,100.0,100.0
1960,1e-06,0.129,0.609,1.4e-05,5.03,91.7,100.0,100.0,100.0
1961,1e-06,0.133,0.621,1.5e-05,5.07,91.7,100.0,100.0,100.0
1962,1e-06,0.113,0.617,1.5e-05,5.13,91.7,100.0,100.0,100.0
1963,1e-06,0.126,0.621,1.5e-05,5.07,91.7,100.0,100.0,100.0
1964,1e-06,0.122,0.621,1.5e-05,5.07,91.7,100.0,100.0,100.0
1965,1e-06,0.129,0.585,1.4e-05,4.94,91.7,100.0,100.0,100.0
1966,1e-06,0.131,0.62,1.5e-05,5.16,91.7,100.0,100.0,100.0
1967,1e-06,0.12,0.636,1.4e-05,5.14,91.7,100.0,100.0,100.0
1968,1e-06,0.123,0.621,1.4e-05,5.07,91.7,100.0,100.0,100.0
1969,1e-06,0.116,0.64,1.4e-05,5.09,91.7,100.0,100.0,100.0
1970,1e-06,0.119,0.64,1.4e-05,5.09,91.7,100.0,100.0,100.0
1971,1e-06,0.118,0.64,1.4e-05,5.09,91.7,100.0,100.0,100.0
1972,1e-06,0.115,0.64,1.4e-05,5.09,91.7,100.0,100.0,100.0
1973,1e-06,0.134,0.64,1.4e-05,5.09,91.7,100.0,100.0,100.0
1974,1e-06,0.113,0.64,1.4e-05,5.09,91.7,100.0,100.0,100.0
1975,1e-06,0.133,0.64,1.4e-05,5.09,91.7,100.0,100.0,100.0
1976,1e-06,0.124,0.64,1.4e-05,5.09,91.7,100.0,100.0,100.0
1977,1e-06,0.115,0.64,1.4e-05,5.09,91.7,100.0,100.0,100.0
1978,1e-06,0.12,0.64,1.5e-05,5.09,91.7,100.0,100.0,100.0
1979,1e-06,0.12,0.64,1.4e-05,5.09,91.7,100.0,100.0,100.0
1980,1e-06,0.127,0.64,1.4e-05,5.09,91.7,100.0,100.0,100.0
1981,1e-06,0.128,0.621,1.4e-05,5.07,91.7,100.0,100.0,100.0
1982,1e-06,0.107,0.64,1.4e-05,5.09,91.7,100.0,100.0,100.0
1983,1e-06,0.138,0.64,1.4e-05,5.09,91.7,100.0,100.0,100.0
1984,1e-06,0.123,0.64,1.4e-05,5.09,91.7,100.0,100.0,100.0
1985,1e-06,0.114,0.64,1.5e-05,5.09,91.7,100.0,100.0,100.0
1986,1e-06,0.134,0.636,1.5e-05,5.14,91.7,100.0,100.0,100.0
1987,1e-06,0.117,0.617,1.5e-05,5.13,91.7,100.0,100.0,100.0
1988,1e-06,0.124,0.617,1.5e-05,5.13,91.7,100.0,100.0,100.0
1989,1e-06,0.121,0.621,1.4e-05,5.07,91.7,100.0,100.0,100.0
1990,1e-06,0.124,0.617,1.5e-05,5.13,91.7,100.0,100.0,100.0
1991,1e-06,0.129,0.64,1.5e-05,5.09,91.7,100.0,100.0,100.0
1992,1e-06,0.126,0.64,1.4e-05,5.09,91.7,100.0,100.0,100.0
1993,1e-06,0.114,0.58,1.5e-05,4.99,91.7,100.0,100.0,100.0
1994,1e-06,0.122,0.621,1.5e-05,5.07,91.7,100.0,100.0,100.0
1995,1e-06,0.121,0.613,1.5e-05,4.88,93.3,100.0,100.0,100.0
1996,1e-06,0.141,0.621,1.5e-05,5.07,91.7,100.0,100.0,100.0
1997,1e-06,0.127,0.589,1.5e-05,4.97,91.7,100.0,100.0,100.0
1998,1e-06,0.115,0.589,1.5e-05,4.97,91.7,100.0,100.0,100.0
1999,1e-06,0.12,0.595,1.5e-05,4.97,91.7,100.0,100.0,100.0
2000,1e-06,0.111,0.621,1.4e-05,5.23,91.7,100.0,100.0,100.0
